item_seq,item_name,company
195700020,활명수,동화약품(주)
195900034,신신티눈고(살리실산반창고)(수출명:SINSINCORNPLASTER),신신제약(주)
195900043,아네모정,삼진제약(주)
195900045,자모,씨에이치디제약주식회사
196000011,페니라민정(클로르페니라민말레산염),(주)유한양행
196200034,삐콤정,(주)유한양행
196400046,게루삼정,삼남제약(주)
196400089,"보화소합원(대환,소환)",원광제약(주)
196500051,지엘타이밍정(카페인무수물),지엘파마(주)
196600011,베스타제정,동아제약(주)
196600012,베스타제당의정,동아제약(주)
196600063,원비디,일양약품(주)
196700061,에어신신파스,신신제약(주)
196800036,판콜에이내복액,동화약품(주)
196900058,코푸시럽에스,(주)유한양행
197000037,아로나민골드정,일동제약(주)
197000040,대웅우루사연질캡슐,(주)대웅제약
197000053,액티피드정,삼일제약(주)
197000076,보나링에이정(디멘히드리네이트),일양약품(주)
197100015,타치온정50밀리그램(글루타티온(환원형)),동아제약(주)
197100059,쎄레스톤지크림,(주)유한양행
197100081,키모랄에스정,(주)에이프로젠바이오로직스
197200483,뇌선,씨에이치디제약주식회사
197300075,성광관장약,(주)퍼슨
197400199,안국니트로푸라존연고,안국약품(주)
197400207,겔포스현탁액(인산알루미늄겔),(주)보령
197400246,마그밀정(수산화마그네슘),삼남제약(주)
197400262,트레스탄캡슐,삼진제약(주)
197400277,뮤코졸정(브롬헥신염산염),부광약품(주)
197400343,"신일브롬헥신염산염정
(수출명 : BIVOTUME, BIVO)",신일제약(주)
197400416,유락신연고(크로타미톤),(주)녹십자
197500016,낙센정(나프록센),(주)종근당
197500088,암포젤정(건조수산화알루미늄겔),일동제약(주)
197600172,포타딘액(포비돈요오드),삼일제약(주)
197600174,액티피드시럽,삼일제약(주)
197600345,페리나정,삼진제약(주)
197600412,로프민캡슐(로페라미드염산염),영일제약(주)
197600483,신일비사코딜정,신일제약(주)
197600539,세가톤트로키(염화세칠피리디늄),알파제약(주)
197600614,갈타제산(베타-갈락토시다제(아스퍼길루스)),현대약품(주)
197600722,리나치올시럽(카르보시스테인)(수출명:HyundiolSyrup),현대약품(주)
197700120,부루펜정200밀리그램(이부프로펜),삼일제약(주)
197700189,일양노이겔현탁액(규산알루민산마그네슘),일양약품(주)
197700312,안티비오과립75밀리그람(락토바실루스아시도필루스)(수출용),한화제약(주)
197700322,액티페린정,영일제약(주)
197800027,데카키논캡슐(유비데카레논),에이치케이이노엔(주)
197800212,로파인캡슐(로페라미드염산염),태극제약(주)
197800242,일양노이시린에이정(규산알루민산마그네슘),일양약품(주)
197800391,메코민캡슐(메코발라민),신일제약(주)
197800466,리나치올캡슐375밀리그램(카르보시스테인)(수출명:HyundiolCapsule375Mg),현대약품(주)
197900171,후시딘연고(퓨시드산나트륨),동화약품(주)
197900176,알리코클로르헥시딘크림,알리코제약(주)
197900219,마스질정(클레마스틴푸마르산염),태극제약(주)
197900277,게보린정(수출명:돌로린정),삼진제약(주)
197900411,스파토민캡슐(디시클로민염산염),조아제약(주)
198000168,포타딘연고(포비돈요오드),삼일제약(주)
198000170,포리부틴정(트리메부틴말레산염),삼일제약(주)
198000304,뮤코론캡슐375밀리그램(카르보시스테인),부광약품(주)
198000440,오로페롤연질캡슐100밀리그램(토코페롤아세테이트),신일제약(주)
198100119,우루사정100밀리그램(우르소데옥시콜산),(주)대웅제약
198100234,제이알히드로코르티손연고,(주)비보존제약
198100428,스파부틴정100밀리그램(트리메부틴말레산염),한미약품(주)
198200011,신풍겐타마이신황산염크림,신풍제약(주)
198200057,알레크롬점안액(크로모글리크산나트륨),이연제약(주)
198200102,바네포연고,대한약품공업(주)
198200120,타라부틴정(트리메부틴말레산염)(수출명:뉴트리소젠정),국제약품(주)
198200504,"베부틴정(트리메부틴말레산염)(수출용)(수출명:영일트리메부틴정,TRISPASMTab)",영일제약(주)
198200689,리나치올시럽5%(카르보시스테인)(수출명:HyundiolSyrup5%),현대약품(주)
198200799,바스포연고,(주)녹십자
198300064,아나프록스정(나프록센나트륨),(주)종근당
198300147,엘칸액(엘-카르니틴),일동제약(주)
198300343,부루펜정400밀리그램(이부프로펜),삼일제약(주)
198300374,엠코발캡슐(메코발라민),동화약품(주)
198300389,삼아탄툼액(벤지다민염산염),삼아제약(주)
198300605,파자임-95밀리그램이중정,부광약품(주)
198301005,리나치올캡슐500밀리그람(카르보시스테인)(수출명:HyundiolCapsule500Mg),현대약품(주)
198400096,크린조(염화나트륨),제이더블유중외제약(주)
198400131,스코펜정400밀리그램(이부프로펜),(주)에이프로젠바이오로직스
198400182,베노론캡슐(디오스민),한올바이오파마(주)
198400249,제일핫파프(군납명:노닐산바닐아미드카타플라스마제),제일헬스사이언스(주)
198400250,제일쿨파프,제일헬스사이언스(주)
198400278,알마겔현탁액(알마게이트)(수출명:유만겔현탁액),(주)유한양행
198400399,카마졸질정(클로트리마졸),알보젠코리아(주)
198400401,카마졸크림(클로트리마졸),알보젠코리아(주)
198400661,아락실과립,부광약품(주)
198400830,크로낙정(클로닉신리시네이트),영일제약(주)
198401161,세나서트2밀리그람질정,알보젠코리아(주)
198401396,셀트리온헤파디프300캡슐(수출용),(주)셀트리온제약
198500023,오라메디연고{수출명:오라메디파스타(ORAMEDYPASTE)},동국제약(주)
198500049,비타메진캡슐50밀리그램,에이치케이이노엔(주)
198500050,이노엔비타메진캡슐,에이치케이이노엔(주)
198500436,엠코발500마이크로그램캡슐(메코발라민),동화약품(주)
198500893,에세푸릴캡슐(니푸록사지드),부광약품(주)
198501220,제텐씨정,한미약품(주)
198501225,한미유리아크림200밀리그램(우레아),한미약품(주)
198501415,키미테패취(스코폴라민)(수출명:可弥特止暈貼濟),명문제약(주)
198600267,누코미트액(아세틸시스테인),(주)셀트리온제약
198600312,우루사100밀리그램연질캡슐(우르소데옥시콜산),(주)대웅제약
198600429,동화후시딘크림(퓨시드산수화물),동화약품(주)
198600458,삼아리도멕스크림0.3%(프레드니솔론발레로아세테이트),삼아제약(주)
198601047,디크로닉정(클로닉신리시네이트),대화제약(주)
198601210,신일트리메부틴말레산염정,신일제약(주)
198601222,메디락에스장용캡슐,한미약품(주)
198601284,아졸정(독시라민석시네이트),알파제약(주)
198601285,파메콘정,알파제약(주)
198601346,"가소콜액(시메티콘)(군납용 : 시메티콘현탁액500밀리리터, SimethiconeOralSuspension500ml)",(주)태준제약
198601389,지엘로페라미드염산염캡슐,지엘파마(주)
198601395,노리스정(클로닉신리시네이트),지엘파마(주)
198601398,가네카정,지엘파마(주)
198601419,바이겔크림(인도메타신),초당약품공업(주)
198601478,토레스정(트리메부틴말레산염),(주)서울제약
198601920,어린이부루펜시럽(이부프로펜),삼일제약(주)
198601922,헤파멜즈산(L-아스파르트산-L-오르니틴),한화제약(주)
198700060,레큐틴정(트리메부틴말레산염),한국휴텍스제약(주)
198700152,"베노플러스겔(수출명:베노포르테겔,트롬보실겔)",(주)유유제약
198700315,캐롤시럽(이부프로펜),일동제약(주)
198700387,사니크린카타플라스마,제일헬스사이언스(주)
198700405,베아제정,(주)대웅제약
198700430,알마겔정(알마게이트)(수출명:유한가스트라겔정),(주)유한양행
198700431,그랑페롤연질캡슐400아이유(비타민이프리퍼레이션)(군납명:토코페롤연질캡슐400아이유100캡슐),(주)유한양행
198700476,벤즈날정(트리메부틴말레산염),(주)마더스제약
198700511,헬민200연질캡슐(아르기닌티디아시케이트),동화약품(주)
198700641,삼천당산화마그네슘정250밀리그람,삼천당제약(주)
198700657,아비나파스타(트리암시놀론아세토니드),태극제약(주)
198700683,보령뮤코미스트액(아세틸시스테인),(주)보령
198700731,아낙스정(나프록센나트륨),환인제약(주)
198700789,벤투룩스30mg캡슐(엔테로코쿠스락티스SF68균),(주)동구바이오제약
198701124,오스틴이부프로펜정400밀리그램,오스틴제약(주)
198701129,뮤테란과립200밀리그램(아세틸시스테인),한화제약(주)
198701196,하이플포비돈요오드액,하이플생명과학(주)
198701197,엔디현탁액(시메티콘),하이플생명과학(주)
198701352,트레스오릭스훠트정,신일제약(주)
198701383,메디락디에스장용캡슐,한미약품(주)
198701384,메디락에스산,한미약품(주)
198701478,자비론정(독시라민숙신산염),(주)씨엠지제약
198701492,하로나연고,알파제약(주)
198701583,엘씨500연질캡슐(엘-시스틴),구주제약(주)
198701670,마이녹실액3%(미녹시딜),현대약품(주)
198701672,지엘소브레롤캡슐,지엘파마(주)
198701721,나르펜정400밀리그램(이부프로펜)(수출명:PANALTab.),초당약품공업(주)
198701888,젠텔정400밀리그램(알벤다졸),(주)유한양행
198800043,로시덴겔(피록시캄),신풍제약(주)
198800057,암펙솔정(암브록솔염산염),한국휴텍스제약(주)
198800154,젤콤정(플루벤다졸),(주)종근당
198800190,베스타제포르테정,동아제약(주)
198800193,하노백연질캡슐1000아이유(비타민이),동아제약(주)
198800330,일동엑소데릴크림(나프티핀염산염),일동제약(주)
198800444,그랑페롤연질캡슐1000아이유(비타민이프리퍼레이션),(주)유한양행
198800558,암브렉트정(암브록솔염산염),동화약품(주)
198800622,판크론정,영진약품(주)
198800774,케토파인겔(케토프로펜),태극제약(주)
198800776,이부펜정400mg(이부프로펜),태극제약(주)
198800901,크록신정250밀리그램(클로닉신리시네이트)(수출명: 돌핀정),진양제약(주)
198800902,트리마정200밀리그램(트리메부틴말레산염),진양제약(주)
198800911,소부날캡슐200mg(소브레롤),진양제약(주)
198800991,"신신물파스에스(수출명:HEATWAVE,ARTHROHONLINIMENT,PANOPAS,Y&JWATER)",신신제약(주)
198801103,오스테민캡슐(결정글루코사민황산염),삼진제약(주)
198801106,시푸로겔3%(케토프로펜),삼진제약(주)
198801525,뮤테란캡슐200밀리그램(아세틸시스테인),한화제약(주)
198801531,뮤테란캡슐100밀리그램(아세틸시스테인),한화제약(주)
198801648,메리틴정(트리메부틴말레산염),대화제약(주)
198801657,"대화이부프로펜정400밀리그램(수출명:UPRO400,IBUFEN)",대화제약(주)
198802326,가레오연질캡슐500밀리그램(디히드록시디부틸에테르),조아제약(주)
198802327,마로겔정500밀리그람(수산화마그네슘),조아제약(주)
198802329,가레오연질캡슐(디히드록시디부틸에테르),조아제약(주)
198802331,앤티브액(L-아르기닌염산염),조아제약(주)
198802349,카로마스텐질정100밀리그램(클로트리마졸),영풍제약(주)
198802479,스메르정(독시라민숙신산염),지엘파마(주)
198802481,알삭센정(나프록센나트륨),지엘파마(주)
198802663,클레신점안액(크로모글리크산나트륨),한림제약(주)
198803095,"누마렌점안액(1회용),누마렌점안액",한림제약(주)
198900129,애드칼정,(주)종근당
198900345,일동엑소데릴액(나프티핀염산염),일동제약(주)
198900578,크로부틴정(트리메부틴말레산염),대우제약(주)
198900667,까스활명수큐액,동화약품(주)
198900672,판콜에스내복액,동화약품(주)
198900699,록솔정(암브록솔염산염),삼아제약(주)
198900700,삼아리도멕스로션0.3%(프레드니솔론발레로아세테이트),삼아제약(주)
198900711,아론정(독시라민숙신산염),알리코제약(주)
198900833,"나리스타에스점비액(수출명:듀라존점비액,나소존점비액)",삼천당제약(주)
198900920,폭센정275밀리그램(나프록센나트륨),명인제약(주)
198901021,뮤코스텐캡슐200밀리그램(아세틸시스테인),(주)메디카코리아
198901098,신신파스에스(수출명:별첨),신신제약(주)
198901310,콜대원키즈이부펜시럽(이부프로펜),대원제약(주)
198901589,자이날정(나프록센나트륨),고려제약(주)
198901605,영일염산암브록솔정,영일제약(주)
198901706,엑스펙토시럽2%(카르보시스테인),(주)팜젠사이언스
198901707,엑스펙토시럽5%(카르보시스테인),(주)팜젠사이언스
198901710,이부날시럽(이부프로펜),(주)팜젠사이언스
198901887,싸이베린정,미래바이오제약(주)
198901915,신일이부프로펜정400밀리그람(수출명:IFENTab.),신일제약(주)
198901917,톨시렌연질캡슐,신일제약(주)
198901918,신일트리메부틴말레산염정200밀리그램(수출명 : PERASTINE200mg),신일제약(주)
198902058,아제인캡슐(아세틸시스테인),알파제약(주)
198902101,레보시톤연질캡슐(엘-시스틴),영풍제약(주)
198902158,다이투스정(암브록솔염산염),구주제약(주)
198902460,페리덱스연고(덱사메타손),(주)녹십자
198902513,호르반내복액,한림제약(주)
198902527,다제스캡슐,한림제약(주)
199000005,바로코민정,신풍제약(주)
199000139,시스타인캡슐(아세틸시스테인),동광제약(주)
199000256,판토-에이내복액,삼성제약(주)
199000361,엘칸정330밀리그램(엘-카르니틴),일동제약(주)
199000383,알파본연질캡슐(알파칼시돌)(수출명:아파본연질캡슐),한올바이오파마(주)
199000541,알마겔에프현탁액(알마게이트)(수출명:유만겔에프현탁액),(주)유한양행
199000568,프로트린정(나프록센나트륨),코오롱제약(주)
199000583,청나점안액,(주)바이넥스
199000708,씨이멕스연질캡슐,동화약품(주)
199000939,샤젠캡슐(니푸록사지드),태극제약(주)
199001012,보령아스트릭스캡슐100밀리그람(아스피린),(주)보령
199001080,뮤코스텐캡슐100밀리그램(아세틸시스테인),(주)메디카코리아
199001232,원알파정(알파칼시돌),일성아이에스(주)
199001505,쎄레톱씨연질캡슐,대화제약(주)
199001559,말레부틴정(트리메부틴말레산염),하이플생명과학(주)
199002022,복합엘씨500연질캡슐(수출명:MEGA-NAMIC)(수출용),구주제약(주)
199100156,메노바크림(아시클로버),동광제약(주)
199100317,대한염화나트륨액,대한약품공업(주)
199100565,진녹천액,제일헬스사이언스(주)
199100626,튜란트캡슐200밀리그램(아세틸시스테인),코오롱제약(주)
199100632,튜란트캡슐100밀리그램(아세틸시스테인),코오롱제약(주)
199100655,옵타젠트점안액(포비돈),삼일제약(주)
199100705,어린이알리펜시럽(이부프로펜)(수출명:이부돌시럽),대우제약(주)
199100976,안국겐타마이신황산염크림,안국약품(주)
199100989,보송크림(프레드니솔론발레로아세테이트),안국약품(주)
199100996,메카인정,태극제약(주)
199101003,"도미나크림(히드로퀴논)(수출명:폴리퀸포르테4%크림,DarkfreeCream4%,태극도미나크림)",태극제약(주)
199101004,하르델연고,태극제약(주)
199101134,알드린현탁액(알마게이트),일양약품(주)
199101135,스파맥정,일양약품(주)
199101745,고려아시클로버크림(아시클로버)(수출명:바이락스크림(VIRAXCream)이노바이락스5%크림(INNOVIRAX5%Cream),고려제약(주)
199101970,크레닉정125밀리그람(클로닉신리시네이트),하이플생명과학(주)
199101996,에크로바크림(아시클로버),경동제약(주)
199102030,팜젠암브록솔염산염시럽,(주)팜젠사이언스
199102092,다이야펜정400밀리그램(이부프로펜),미래바이오제약(주)
199102142,복합써스펜좌약,한미약품(주)
199102270,말릭스정(트리메부틴말레산염),(주)한국파비스제약
199102275,포린피아정(독시라민숙신산염),(주)한국파비스제약
199102276,파비스암브록솔염산염정,(주)한국파비스제약
199102384,세록센정(나프록센나트륨),영풍제약(주)
199102581,사노바스프레이(리도카인)(수출명:노보틱스스프레이(NOVOTIXSpray)),명문제약(주)
199102741,"비펜카타플라스마(플루르비프로펜)(수출명(싱가폴,말레이지아,태국):아쿠스탑카타플라스마)",(주)녹십자
199103295,한생액,현대약품(주)
199200308,중외관류용멸균증류수,제이더블유중외제약(주)
199200354,스피자임정,(주)에이프로젠바이오로직스
199200475,누코미트캡슐200밀리그램(아세틸시스테인),(주)셀트리온제약
199200793,유그린크림(우레아),동성제약(주)
199201048,스파탐캡슐200밀리그램(아세틸시스테인),명인제약(주)
199201049,모아칼연질캡슐,명인제약(주)
199201106,알드린정(알마게이트),일양약품(주)
199201154,토파제정,(주)메디카코리아
199201236,물린디액,신신제약(주)
199201508,판티라제정(수출명:판티라스-케이정)(수출용),대원제약(주)
199201633,바이놀크림(아시클로버),부광약품(주)
199201802,코모졸크림(케토코나졸)(수출명:NAZOL),대화제약(주)
199201803,케바논겔(케토프로펜),대화제약(주)
199202053,신일아시클로버크림(수출명:PytumeCream),신일제약(주)
199202073,나졸액(케토코나졸),한미약품(주)
199202075,메디락-베베산,한미약품(주)
199202241,미모나크림(우레아),(주)씨엠지제약
199202273,에바치온캡슐(글루타티온),조아제약(주)
199202281,조아디오스민캡슐,조아제약(주)
199202640,후시메드연고(퓨시드산나트륨),(주)녹십자
199203513,훼마틴캡슐,조아제약(주)
199300117,복합마데카솔연고(수출명:복합리포솔연고),동국제약(주)
199300217,종근당알벤다졸정,(주)종근당
199300224,베비잘시럽(이부프로펜),(주)종근당
199300228,젤콤현탁액(플루벤다졸),(주)종근당
199300273,멕시롱액(돔페리돈),동아제약(주)
199300356,케토톱플라스타(케토프로펜)(싱가폴수출명 : Ketotop Pain Relief Plaster 30mg),(주)한독
199300583,실그린크림(클로르헥시딘글루콘산염액),(주)퍼슨
199300758,트라몰정160밀리그람(아세트아미노펜),코오롱제약(주)
199300891,세토펜정(아세트아미노펜),삼아제약(주)
199300892,세토펜정80밀리그램(아세트아미노펜),삼아제약(주)
199300928,아세락캅셀200밀리그람(아세틸시스테인),동성제약(주)
199300981,이지롱내복액,(주)에이프로젠바이오로직스
199301081,태극아시클로버크림,태극제약(주)
199301086,태극케토코나졸크림,태극제약(주)
199301091,파티겔정(알마게이트),태극제약(주)
199301093,바스칼캡슐,태극제약(주)
199301198,비오라민정(수출용),명인제약(주)
199301383,신신파스아렉스마일드카타플라스마,신신제약(주)
199301549,아세르정(암브록솔염산염),삼남제약(주)
199301708,타벡스겔,부광약품(주)
199301968,디크로닉정250밀리그램(클로닉신리시네이트)(수출용),대화제약(주)
199302027,아록솔정(암브록솔염산염),(주)비씨월드제약
199302061,듀오락스정,영일제약(주)
199302106,속엔쿨정,경동제약(주)
199302175,이텍스암브록솔정(암브록솔염산염),(주)테라젠이텍스
199302185,파라손연고(퓨시드산나트륨),에스케이케미칼(주)
199302363,이부서스펜시럽(이부프로펜),한미약품(주)
199302401,소롤캡슐200밀리그램(소브레롤),(주)한국파비스제약
199302464,바코시론크림(아시클로버),(주)씨엠지제약
199302512,파밀라제정,알파제약(주)
199302514,알파아세트아미노펜정500밀리그람,알파제약(주)
199302515,리오루펜정400밀리그람(이부프로펜),알파제약(주)
199302537,헤파토스시럽,조아제약(주)
199302666,뮤텐캡슐200mg(아세틸시스테인),구주제약(주)
199302944,삼익퓨시드산나트륨연고,삼익제약(주)
199302995,"나조린점안액(1회용),나조린점안액",한림제약(주)
199303012,엔클비액(염화나트륨),한림제약(주)
199304286,라미실크림1%(테르비나핀염산염),지피테라퓨틱스코리아주식회사
199400028,로이솔정(암브록솔염산염),신풍제약(주)
199400202,판피린티정,동아제약(주)
199400367,케노펜겔(케토프로펜),일동제약(주)
199400500,큐자임정,(주)유한양행
199400581,어린이용타스펜정160밀리그램(아세트아미노펜),대우제약(주)
199400693,지노콜시럽(구연산부타미레이트),동성제약(주)
199400709,영진멘탁스크림(부테나핀염산염),영진약품(주)
199400779,로푸록스네일라카(시클로피록스),(주)한독
199400833,훌벤현탁액(플루벤다졸),태극제약(주)
199400871,아이지크림(수출용),명인제약(주)
199400883,겔포스엠현탁액,(주)보령
199400891,알콤정(플루벤다졸),일양약품(주)
199401025,지노칼정,삼남제약(주)
199401030,삼남아세트아미노펜정,삼남제약(주)
199401315,오스틴암브록솔염산염정,오스틴제약(주)
199401316,세리콘정(아세트아미노펜),오스틴제약(주)
199401319,나로펜정(나프록센나트륨),오스틴제약(주)
199401576,트라스트패취(피록시캄)(수출명:미포톱),에스케이케미칼(주)
199401734,화니돌0.5마이크로그램연질캡슐(알파칼시돌),영풍제약(주)
199401848,알코덱스액,구주제약(주)
199401933,현대아시클로버크림(아시클로버),현대약품(주)
199403254,듀라티얼즈안연고(무수액체라놀린),한국알콘(주)
199403378,에이프로젠나프록센나트륨정,(주)에이프로젠바이오로직스
199403379,후라신연고(푸시딘산나트륨)(수출명:라푸신연고(푸시딘산나트륨))(수출용),명인제약(주)
199500319,나콜플러스시럽,일동제약(주)
199500435,엘도스캡슐(에르도스테인),(주)대웅제약
199500466,트라몰정325밀리그람(아세트아미노펜),코오롱제약(주)
199500495,리드판액,일양약품(주)
199500630,알게이트정(알마게이트),(주)일화
199500642,에스겔(케토프로펜),알리코제약(주)
199500807,파티겔현탁액1그램(알마게이트)(수출용),태극제약(주)
199500818,제올라크림,태극제약(주)
199500820,베로아크림(프레드니솔론발레로아세테이트),태극제약(주)
199500823,"파티겔현탁액(알마게이트)(수출명 : 알마게인현탁액, 호메젤현탁액)",태극제약(주)
199500850,"바르젠정(클로닉신리시네이트)(수출명:CLOCXINETab.Stocxine(Clonysinlysinate125),STOLXINE)",(주)제뉴파마
199500967,뇌신에이산,씨에이치디제약주식회사
199501025,멘덤쿨로오숀,신신제약(주)
199501099,게루삼엠정(건조수산화알루미늄겔),삼남제약(주)
199501118,키노랄액(케토코나졸),경남제약(주)
199501234,대원알마게이트정,대원제약(주)
199501262,한국유나이티드산화마그네슘정250mg,한국유나이티드제약(주)
199501564,알마시드정(알마게이트),대화제약(주)
199501694,이바펜400밀리그람정(이부프로펜),하이플생명과학(주)
199501735,넬슨이부프로펜정200밀리그램(이부프로펜),한국넬슨제약(주)
199501736,넬슨이부프로펜정400밀리그램(이부프로펜),한국넬슨제약(주)
199501748,바이메틴정(트리메부틴말레산염),(주)테라젠이텍스
199501767,벡크정,(주)팜젠사이언스
199501944,신일폴산정,신일제약(주)
199501953,신일티아민염산염정10밀리그램,신일제약(주)
199501954,신일클로닉신리시네이트정,신일제약(주)
199501960,프리치크림,신일제약(주)
199502365,그루타제정,지엘파마(주)
199502575,삼익이부프로펜정,삼익제약(주)
199502585,삼익아세트아미노펜정500밀리그람,삼익제약(주)
199502669,제로미아액,오스템파마주식회사
199503352,그린포비돈요오드액(수출명 : Green Povidone-Iodine Topical Solution),(주)그린제약
199504365,알드린1그람현탁액(알마게이트)(수출명:ILYANGAlmagatesusp),일양약품(주)
199600087,뮤코세린캅셀(아세틸시스테인),한국휴텍스제약(주)
199600201,카네마졸질정100mg(클로트리마졸),동광제약(주)
199600246,베스자임정,동아에스티(주)
199600275,케토톱겔(케토프로펜),(주)한독
199600277,케토톱엘플라스타(케토프로펜),(주)한독
199600328,바로닉신정125밀리그램(클로닉신리시네이트),(주)에이프로젠바이오로직스
199600367,판키아제정,일동제약(주)
199600446,성광알파헥시딘5%액(글루콘산클로르헥시딘액),(주)퍼슨
199600561,"케펜텍플라스타(케토프로펜)
(수출명 : KEFEN)",제일헬스사이언스(주)
199600581,"바이탈씨에프정(수출명:라스코르빈포르트,아스코르빈플러스)",(주)유한양행
199600597,알게나정(알마게이트),코오롱제약(주)
199600625,루트펜325밀리그램정(아세트아미노펜),(주)바이넥스
199600669,타스멘정(아세트아미노펜),대우제약(주)
199600770,세토펜정325밀리그램(아세트아미노펜),삼아제약(주)
199600829,비가졸액(케토코나졸),동성제약(주)
199600830,그린큐액(돔페리돈),동성제약(주)
199600905,"아이리스점안액(수출명 : 블루아이점안액)(1회용), 아이리스점안액(수출명 : 블루아이점안액)",삼천당제약(주)
199600913,소담캡슐200mg(아세틸시스테인),삼천당제약(주)
199601054,쎄실크림,(주)제뉴파마
199601068,하이라제정,명인제약(주)
199601069,발무졸크림(수출용),명인제약(주)
199601099,황력액,일양약품(주)
199601101,벌무덴리니멘트,일양약품(주)
199601110,크리맥액(돔페리돈),일양약품(주)
199601312,삼남아세트아미노펜정500밀리그람,삼남제약(주)
199601338,아스타펜정325밀리그람(아세트아미노펜제피세립),삼남제약(주)
199601484,펜세타정(아세트아미노펜제피세립),대원제약(주)
199601519,더모픽스크림(세르타코나졸질산염),부광약품(주)
199601520,복합파자임이중정,부광약품(주)
199601837,대화아시클로버크림,대화제약(주)
199601956,아시틴캡슐(아세틸시스테인),(주)파마킹
199602082,팜젠아세틸시스테인캡슐200mg,(주)팜젠사이언스
199602289,루마겔(케토프로펜),한미약품(주)
199602310,파비스염산메클리진정,(주)한국파비스제약
199602312,푸리타제정,(주)한국파비스제약
199602374,아세테인캡슐200밀리그램(아세틸시스테인),광동제약(주)
199602408,인테스캡슐200mg(아세틸시스테인),(주)씨엠지제약
199602438,조아이부프로펜400밀리그람정(수출용),조아제약(주)
199602559,포맨액(L-아스파르트산-L-아르기닌수화물),구주제약(주)
199602668,무스판정,지엘파마(주)
199602733,알게마정(알마게이트),(주)유영제약
199602745,세틸란캡슐200mg(아세틸시스테인),(주)유영제약
199603130,씨씨콤연질캡슐(수출명 : Biosliver Soft Cap.)(수출용),한국코러스(주)
199603311,그린관장약(농글리세린)(수출명:FIT-APO),(주)그린제약
199603333,뮤시딘캡슐200밀리그램(아세틸시스테인),대한뉴팜(주)
199604593,나박점안액(엔-아세틸아스파틸글루타민산나트륨),삼일제약(주)
199604632,비아핀에멀젼(트롤아민),켄뷰코리아판매유한회사
199604959,미보(MEBO)연고,(주)한도상사
199700120,세트린정(세티리진염산염)(수출명:ANTIRIZINtab),한국휴텍스제약(주)
199700124,라니텐크림(테르비나핀염산염),한국휴텍스제약(주)
199700265,알레리진정(세티리진염산염),이연제약(주)
199700386,훼럼키드액(폴리말토오스수산화제이철착염),제이더블유중외제약(주)
199700479,바크락스연고(아시클로버),(주)에이프로젠바이오로직스
199700530,국제아시클로버크림,국제약품(주)
199700635,포비크린세정용,(주)퍼슨
199700636,지노클렌질세정액,(주)퍼슨
199700756,삐콤씨에프정(수출명:유한삐콤씨에프정),(주)유한양행
199700873,"대우로라타딘정(수출명:로미딘정,라틴정,필미딘정)",대우제약(주)
199701024,콜핀정(수출명:페러그립씨정),알리코제약(주)
199701033,"코나진정(세티리진염산염)(수출명:알리코염산세티리진정,보파세티리진나정,자이조세트정)",알리코제약(주)
199701089,정우아시클로버크림,정우신약(주)
199701099,알메텍정(세티리진염산염),(주)에이프로젠바이오로직스
199701172,에이프로젠알마게이트정,(주)에이프로젠바이오로직스
199701224,애니탈정,안국약품(주)
199701227,노타민정(로라타딘),안국약품(주)
199701228,타나실크림1%(테르비나핀염산염),안국약품(주)
199701234,투렌정(벤프로페린인산염),태극제약(주)
199701242,태극탄산칼슘정(침강탄산칼슘),태극제약(주)
199701385,셀마겐정(알마게이트),(주)메디카코리아
199701398,아루텍정(세티리진염산염),(주)메디카코리아
199701407,센토스크림(테르비나핀염산염),(주)메디카코리아
199701416,리도펜연질캡슐(이부프로펜),(주)메디카코리아
199701488,로비탈연질캡슐,(주)동구바이오제약
199701565,피엠졸큐액,경남제약(주)
199701870,소프티아연고(요소),대화제약(주)
199701885,테나핀크림(테르비나핀염산염),대화제약(주)
199701900,"알티린정(세티리진염산염)(수출명:Vilex, Cetirin)",대화제약(주)
199701904,글루콤액,고려제약(주)
199701908,알러텍정(세티리진염산염),고려제약(주)
199701912,터비나크림(테르비나핀염산염),고려제약(주)
199701967,로텍정(세티리진염산염)(수출용)(수출명:ZINRYTECTabs),영일제약(주)
199702003,안티스액(벤지다민염산염),하이플생명과학(주)
199702005,렉크린액(인산나트륨에네마),하이플생명과학(주)
199702105,코졸텍정(세티리진염산염),경동제약(주)
199702130,니트나졸크림(케토코나졸),한국넬슨제약(주)
199702146,겟투겔(케토프로펜),한국넬슨제약(주)
199702155,반드레크림(우레아),한국넬슨제약(주)
199702177,로리딘정(로라타딘),(주)테라젠이텍스
199702485,크로펜정(클로닉신리시네이트),미래바이오제약(주)
199702520,신일세티리진정(세티리진염산염),신일제약(주)
199702527,신일피리독신정(피리독신염산염),신일제약(주)
199702566,스테신캡슐(아세틸시스테인),(주)셀릭스
199702589,"케어가글액(박하향)(벤제토늄염화물),케어가글액(사과향)(벤제토늄염화물),케어가글액(유칼립투스향)(벤제토늄염화물)",한미약품(주)
199702618,로페랄연질캡슐,(주)한국파비스제약
199702621,덴스민캡슐,(주)한국파비스제약
199702787,카디톤액(L-카르니틴),조아제약(주)
199702823,영풍아시클로버크림,영풍제약(주)
199702829,세리텍정(세티리진염산염),영풍제약(주)
199702843,하원아시클로버크림(수출명:하시클로크림),(주)하원제약
199702846,하원세티리진정(세티리진염산염),(주)하원제약
199702918,아미세타정325밀리그람(아세트아미노펜제피세립),(주)휴온스
199702966,버물리에스액,현대약품(주)
199702967,현대물파스에프,현대약품(주)
199703010,초당아스피린장용정100mg(아스피린),초당약품공업(주)
199703126,아티란캡슐200밀리그램(아세틸시스테인),알보젠코리아(주)
199703153,씨즈날정(세티리진염산염),(주)녹십자
199703184,비나핀크림(테르비나핀염산염),(주)서울제약
199703379,알마겐트정(알마게이트),한국코러스(주)
199703384,엑코스정,한국코러스(주)
199703423,지오연질캅셀,유니메드제약(주)
199703583,니코스탑-10패취(니코틴),(주)삼양바이오팜
199703584,니코스탑-20패취(니코틴),(주)삼양바이오팜
199703585,니코스탑-30패취(니코틴),(주)삼양바이오팜
199800190,센쥬씨엘점안액,제이더블유중외제약(주)
199800303,알지텍정(세티리진염산염),정우신약(주)
199800308,엑티리딘정,(주)에이프로젠바이오로직스
199800354,나니실크림(테르비나핀염산염),(주)에이프로젠바이오로직스
199800355,데카미솔연고,(주)에이프로젠바이오로직스
199800468,세노바정(세티리진염산염),일동제약(주)
199800470,세노바액(세티리진염산염),일동제약(주)
199800504,알레틴정(로라타딘)(수출명:비알레틴),한올바이오파마(주)
199800686,케펜텍-엘플라스타(케토프로펜),제일헬스사이언스(주)
199800728,"안티푸라민에스로션
(수출명:유한안티푸라민에스로션)",(주)유한양행
199800766,코미시럽,코오롱제약(주)
199800767,트라몰8시간서방정650밀리그람(아세트아미노펜),코오롱제약(주)
199800785,미리놀캡슐(아세틸시스테인),(주)바이넥스
199800874,터치메드연고,동화약품(주)
199800888,세토펜현탁액(아세트아미노펜),삼아제약(주)
199800924,토스롱액,동성제약(주)
199801016,알레그라정120밀리그람(펙소페나딘염산염),(주)한독
199801026,훼스탈플러스정,(주)한독
199801121,네오시덤연고(퓨시드산나트륨),태극제약(주)
199801196,테나졸크림1%(테르비나핀염산염)(수출용),명인제약(주)
199801231,리카에이크림,(주)보령
199801343,리프레스액,(주)동구바이오제약
199801389,아코라마캡슐200밀리그램(아세틸시스테인),삼남제약(주)
199801435,파마탄산칼슘정,(주)한국파마
199801474,파마메코발라민정(메코발라민),(주)한국파마
199801495,"세라진정(세티리진염산염)[수출명: Cera tablet, Allergen tablet, Unizef tablet, Highcera tablet]",삼진제약(주)
199801509,애니존크림(테르비나핀염산염),삼진제약(주)
199801515,프리겔현탁액(알마게이트),대원제약(주)
199801625,트리부틴정200밀리그램(트리메부틴말레산염),(주)셀릭스
199801849,알지렉스정(세티리진염산염),오스틴제약(주)
199801877,아나리바정,오스틴제약(주)
199801998,헥시덱스5%액(클로르헥시딘글루콘산염액),하이플생명과학(주)
199802000,네프비타정,하이플생명과학(주)
199802009,러지텍정(세티리진염산염),하이플생명과학(주)
199802134,한국넬슨염산테르비나핀크림,한국넬슨제약(주)
199802138,넬슨로라타딘정,한국넬슨제약(주)
199802142,데나실크림(테르비나핀염산염),(주)테라젠이텍스
199802170,이텍스벤지다민액,(주)테라젠이텍스
199802171,이텍스암브록솔시럽(암브록솔염산염),(주)테라젠이텍스
199802190,트라스트겔(피록시캄),에스케이케미칼(주)
199802228,라리세틴정10밀리그람(세티리진염산염)(수출용),(주)팜젠사이언스
199802236,파로네프캡슐,(주)팜젠사이언스
199802384,신일엠정(수산화마그네슘),신일제약(주)
199802387,나프롱정(나프록센나트륨),신일제약(주)
199802435,쎄쎄250츄정,한미약품(주)
199802497,쎄르텍정(세티리진염산염),(주)바스칸바이오제약
199802620,쎄로테정(세티리진염산염),(주)씨엠지제약
199802621,프리나정(나프록센나트륨),(주)씨엠지제약
199802633,나미진크림(테르비나핀염산염),(주)씨엠지제약
199802670,폴시드정(폴산),조아제약(주)
199802671,리보테인정,조아제약(주)
199802815,레스포크림(테르비나핀염산염),(주)하원제약
199803081,마이녹실액5%(미녹시딜),현대약품(주)
199803082,누보클렌액,현대약품(주)
199803095,지엘세티리진염산염정,지엘파마(주)
199803133,나노텍정(세티리진염산염),초당약품공업(주)
199803472,한림포비돈점안액(수출명:한비돈점안액),한림제약(주)
199803691,아이루비로즈점안액,유니메드제약(주)
199804309,알로판400mg정(이부프로펜),(주)넥스팜코리아
199804331,넥스팜염산암부록솔정(암브록솔염산염),(주)넥스팜코리아
199804362,넥스팜탄산칼슘정(침강탄산칼슘),(주)넥스팜코리아
199804594,콘티박스디연질캡슐,대화제약(주)
199806423,포스테리산좌제,동화약품(주)
199806424,포스테리산연고,동화약품(주)
199806429,마이크로실드4액(글루콘산클로르헥시딘),(주)한국유니팜
199806459,오트리빈멘톨0.1%분무제(자일로메타졸린염산염),헤일리온코리아주식회사
199806461,라미실외용액(테르비나핀염산염),지피테라퓨틱스코리아주식회사
199806462,니코틴엘TTS10(니코틴),지피테라퓨틱스코리아주식회사
199806463,니코틴엘TTS20(니코틴),지피테라퓨틱스코리아주식회사
199806464,니코틴엘TTS30(니코틴),지피테라퓨틱스코리아주식회사
199806465,라미실덤겔1%(테르비나핀),지피테라퓨틱스코리아주식회사
199806484,드리클로액(염화알루미늄수화물),헤일리온코리아주식회사
199806775,멘소래담로션(Mentholatumlotion),맨소래덤아시아퍼시픽 주식회사
199806820,미뉴렛정,한국화이자제약(주)
199806891,쓸기담50밀리그램연질캡슐,삼성제약(주)
199806931,메부라틴정(트리메부틴말레산염)(수출명: MEBURATIN Tablet 100mg),(주)넥스팜코리아
199806985,씨메탈시정,초당약품공업(주)
199900216,까스명수에프액,삼성제약(주)
199900221,쓸기담액50밀리그람,삼성제약(주)
199900227,피에스크림(리도카인),삼성제약(주)
199900248,마미송에프크림,(주)에이프로젠바이오로직스
199900298,나바론크림(디클로페낙디에틸암모늄),(주)에이프로젠바이오로직스
199900351,레날민정,일동제약(주)
199900420,성광포스틱스왑액(포비돈요오드),(주)퍼슨
199900422,성광포비딘(포비돈요오드액10%),(주)퍼슨
199900511,대웅이부펜시럽(이부프로펜)(수출명:SOTSTOPsyrup),(주)대웅제약
199900528,쎄투연질캡슐,(주)유한양행
199900536,쎄이칼정(수출명:칼슘포르트씨디(CalciumFortCD)),(주)유한양행
199900554,안타신정,코오롱제약(주)
199900675,코벤시럽,대우제약(주)
199900790,무디스크림1%(테르비나핀염산염),알리코제약(주)
199900834,멘자펜정,동성제약(주)
199900926,훼스탈골드정,(주)한독
199901047,"태극나렉신정(나프록센나트륨)
(수출명 : NAPRONEW TABLET)",태극제약(주)
199901056,파인스겔(피록시캄),태극제약(주)
199901100,로실크림(테르비나핀염산염),(주)제뉴파마
199901190,헤모콤액(폴리말토오스수산화제이철착염),일양약품(주)
199901295,신신티눈밴드(수출명:PARCHEparaCALLOSGHLInternacionalS.A),신신제약(주)
199901296,케토크린플라스타(케토프로펜),신신제약(주)
199901332,유니자임정,(주)동구바이오제약
199901375,아루펜정400밀리그람(이부프로펜),삼남제약(주)
199901404,쎄토마연질캡슐,경남제약(주)
199901457,마그오캡슐250mg(산화마그네슘),(주)한국파마
199901458,마그오캡슐500mg(산화마그네슘),(주)한국파마
199901480,윈스틴연질캡슐,삼진제약(주)
199901507,콘로인캡슐(콘드로이틴설페이트나트륨),삼진제약(주)
199901519,레피즈캡슐(니푸록사지드),삼진제약(주)
199901559,트리겔현탁액,대원제약(주)
199902599,미래나프록센나트륨정,미래바이오제약(주)
199902612,골사민캡슐(결정글루코사민황산염)(수출명 : NEOCOMIN),신일제약(주)
199902656,목틴캡슐200밀리그램(아세틸시스테인),한미약품(주)
199902693,무조날크림(테르비나핀염산염),한미약품(주)
199902697,바이버크림(아시클로버),한미약품(주)
199902702,목시딜액5%(미녹시딜),한미약품(주)
199902726,훼로맥스액(폴리말토오스수산화제이철착염),한미약품(주)
199902738,에스로반연고(무피로신),제이더블유신약(주)
199902745,비엠겔9.6%(리도카인),제이더블유신약(주)
199902902,가레오액(디히드록시디부틸에테르),조아제약(주)
199903179,씨씨본정(침강탄산칼슘과립),(주)휴온스
199903457,써버쿨액,(주)녹십자
199903649,세브론캡슐(아세틸시스테인),(주)서울제약
199903754,시스틴500연질캡슐(L-시스틴),(주)알피바이오
199904088,그린포비돈세정액(포비돈요오드),(주)그린제약
199904095,디펜겔(디클로페낙나트륨),신일제약(주)
199906839,시카플루이드점안겔(카보머),삼일제약(주)
199906850,카네스텐크림(클로트리마졸),바이엘코리아(주)
199906999,스테리-가스EO카트리지,솔벤텀코리아주식회사
199907094,코솝점안액,한국산텐제약(주)
199907226,로세릴네일라카(아모롤핀염산염),갈더마코리아(주)
199907300,케토크린카타플라스마(케토프로펜)(수출용),신신제약(주)
199907335,한미알마게이트정500밀리그램(알마게이트),한미약품(주)
199907419,정장생캡슐(바실루스리케니포르미스균),아주약품(주)
200000218,볼그레액(철아세틸트랜스페린),(주)종근당
200000411,볼두민액5%(미녹시딜),제이더블유중외제약(주)
200000431,복합쓸기담연질캡슐,삼성제약(주)
200000559,후루케어캡슐200밀리그램(아세틸시스테인),일동제약(주)
200000561,아리코트에스크림,일동제약(주)
200000568,케노펜플라스타(케토프로펜),일동제약(주)
200000569,훼리탑캡슐(글루콘산제이철나트륨착염),일동제약(주)
200000744,아웃콜에프캡슐,정우신약(주)
200000801,복합우루사연질캡슐,(주)대웅제약
200000930,닥스펜정(덱시부프로펜),(주)바이넥스
200000947,알러펜점안액(케토티펜푸마르산염),삼일제약(주)
200000999,타스펜8시간이알서방정650밀리그람(아세트아미노펜)(수출명:도로돈이알정),대우제약(주)
200001087,후시딘겔(퓨시드산수화물),동화약품(주)
200001099,쎄레코트크림,동화약품(주)
200001102,샤이닝정,동화약품(주)
200001146,새크라손크림,알리코제약(주)
200001147,스몰크림(프레드니솔론발레로아세테이트),알리코제약(주)
200001172,디퓨탭서방정(이부프로펜),동성제약(주)
200001184,로다인정(로라타딘),동성제약(주)
200001186,이엠지연질캡슐,동성제약(주)
200001305,복합탈시드추어블정,(주)한독
200001364,프러스지크림,안국약품(주)
200001368,애니펜정300밀리그램(덱시부프로펜),안국약품(주)
200001369,로키겔(리도카인),태극제약(주)
200001377,코애드정,태극제약(주)
200001378,바루돈현탁액,태극제약(주)
200001493,프리넥캡슐,일양약품(주)
200001515,알레드정(세티리진염산염),일양약품(주)
200001516,컴비덤지크림,일양약품(주)
200001564,크로베겐에이크림,환인제약(주)
200001595,세르나크림,진양제약(주)
200001622,헤모니아에프시럽(폴리사카리드철착염),(주)동구바이오제약
200001634,세진정(세티리진염산염),(주)동구바이오제약
200001638,헤모니아캡슐(폴리사카리드철착염),(주)동구바이오제약
200001712,삼남로페라마이드캡슐(로페라미드염산염),삼남제약(주)
200001713,세티진정(세티리진염산염),삼남제약(주)
200001729,쎄레손크림,경남제약(주)
200001731,티눈스립에이액,경남제약(주)
200001760,베타딘액(포비돈요오드),(주)한국파마
200001761,베타딘세정액(포비돈요오드),(주)한국파마
200001771,쎌스톤크림,(주)한국파마
200001775,지노베타딘질세정액(포비돈요오드),(주)한국파마
200001880,라미렉스크림(테르비나핀염산염)(수출명:Lafine Cream),한국유나이티드제약(주)
200001947,소아용뮤코론시럽(카르보시스테인),부광약품(주)
200001948,뮤코론5%시럽(카르보시스테인),부광약품(주)
200001951,뱅드롱액,부광약품(주)
200002301,한신한스콜에스캡슐,(주)한국신약
200002328,베루본에스정,오스틴제약(주)
200002385,클리신정(클로닉신리시네이트)(수출명:CLICIN Tab),오스틴제약(주)
200002386,세미론정,오스틴제약(주)
200002388,카라밴크림,오스틴제약(주)
200002391,오스틴퓨시드산나트륨연고(수출명: FURCIDATE Ointment 10g),오스틴제약(주)
200002422,안티비오캡슐300mg(락토바실루스아시도필루스균)(수출용),한화제약(주)
200002423,안티비오과립300밀리그램(락토바실루스아시도필루스균)(수출용),한화제약(주)
200002439,"케바논첩부제(케토프로펜)(수출명:PlasterJoint,PolyArtritoPlast,KEPAX)",대화제약(주)
200002441,데마코트에스크림,대화제약(주)
200002457,에너골드액,고려제약(주)
200002463,베타엠크림,고려제약(주)
200002466,산타몬플러스액,고려제약(주)
200002714,트립라인정,하이플생명과학(주)
200002729,자니틴정(니자티딘),경동제약(주)
200002774,베데스타-지크림,한국넬슨제약(주)
200002782,헬스리바액,(주)테라젠이텍스
200002783,기노엘연질캡슐(L-시스틴),(주)테라젠이텍스
200002787,세르비아캡슐(엔테로코쿠스페슘스트레인세르넬레68균),(주)테라젠이텍스
200002813,엘스킨크림,에스케이케미칼(주)
200002833,베타겐지크림,(주)팜젠사이언스
200002975,에어로민캡슐,신일제약(주)
200002985,액소도스정,신일제약(주)
200002990,크마론지크림,신일제약(주)
200003005,코티-스포린연고(수출명:CorcinotaffOint.),신일제약(주)
200003007,케어스킨로션 2.5%(히드로코르티손),신일제약(주)
200003008,케어스킨로션1%(히드로코르티손),신일제약(주)
200003011,이지정(디시클로민염산염),신일제약(주)
200003092,한미아스피린장용정100밀리그램,한미약품(주)
200003101,쎄코론지크림,한미약품(주)
200003107,코스펜에이시럽,한미약품(주)
200003108,파워겔(리도카인),한미약품(주)
200003117,노원질좌제100밀리그램(노녹시놀9),한미약품(주)
200003152,세스틴크림,(주)한국파비스제약
200003154,에치탑캡슐,(주)한국파비스제약
200003320,하이마린연질캡슐,광동제약(주)
200003399,로마졸크림(클로트리마졸),(주)씨엠지제약
200003409,리메부틴정(트리메부틴말레산염),(주)씨엠지제약
200003434,레스톤크림,(주)씨엠지제약
200003464,알피렌연질캡슐,알파제약(주)
200003481,노스카연고,조아제약(주)
200003482,손바렌연고(요소),조아제약(주)
200003483,조아스트롱조인트겔(케토프로펜),조아제약(주)
200003488,콜콜에스캡슐,조아제약(주)
200003489,다펜캡슐(이부프로펜)(수출용),조아제약(주)
200003491,크린지크림,조아제약(주)
200003493,맥타정,조아제약(주)
200003496,엘라스겔(수출용),조아제약(주)
200003806,마그페롤연질캡슐,지엘파마(주)
200003982,아몰지에이크림,초당약품공업(주)
200004038,리피클연질캡슐,알보젠코리아(주)
200004060,녹십자아시클로버크림,(주)녹십자
200004086,노바손크림,(주)녹십자
200004251,스팅겔(디클로페낙나트륨),(주)서울제약
200004264,기가에이연질캡슐,(주)알피바이오
200004284,알부론액(폴리말토오스수산화제이철착염),한림제약(주)
200004479,감바로과립,한솔신약(주)
200004608,아우스에프캡슐(수출용),한국코러스(주)
200004617,하이눈점안액,유니메드제약(주)
200004646,유니텐점안액(케토티펜푸마르산염),유니메드제약(주)
200004835,그린태고액1%(알킬디아미노에틸글리신염산염액),(주)그린제약
200004836,솔트액,(주)그린제약
200004840,그린클로르헥시딘크림(클로르헥시딘글루콘산염액),(주)그린제약
200004875,아시토바캡슐300mg(락토바실루스아시도필루스균),대한뉴팜(주)
200005087,아시돌연질캡슐1마이크로그램(알파칼시돌),한국프라임제약(주)
200005321,타스나정(탄산수소나트륨),(주)넥스팜코리아
200005559,1.큐앤큐포비돈거즈볼-중(포비돈요오드)2.큐앤큐포비돈거즈볼-대(포비돈요오드),큐앤큐팜(주)
200008588,카네스텐산제(클로트리마졸),바이엘코리아(주)
200008589,카네스텐1질정(클로트리마졸),바이엘코리아(주)
200008590,카네스텐질정(클로트리마졸),바이엘코리아(주)
200008591,바이엘아스피린정500밀리그람,바이엘코리아(주)
200009088,로와치넥스캡슐,(주)한국팜비오
200009333,에이리스정,한국화이자제약(주)
200009522,머시론정,알보젠코리아(주)
200009525,로와콜연질캡슐,(주)한국팜비오
200009624,"아셈지크림(수출명:라밴덤크림,비겐덤크림)",(주)에이프로젠바이오로직스
200100102,볼그레캡슐(철-아세틸트랜스페린),(주)종근당
200100163,뮤코브이시럽(암브록솔염산염),이연제약(주)
200100244,비나폴로엑스트라연질캡슐,(주)유유제약
200100323,팍스정(덱시부프로펜),(주)에이프로젠바이오로직스
200100417,덱사펜정(덱시부프로펜),하나제약(주)
200100431,셀트리온트리메부틴말레산염정,(주)셀트리온제약
200100454,성광알파헥시딘가글액(글루콘산클로르헥시딘액),(주)퍼슨
200100459,위푸린산,정우신약(주)
200100545,제일한방파프에이카타플라스마,제일헬스사이언스(주)
200100576,뉴란타액(수출명:NewlantineSuspension),(주)대웅제약
200100584,쎄레마일드연고,(주)유한양행
200100586,유한비타민씨정1000mg,(주)유한양행
200100592,코푸정에스,(주)유한양행
200100614,코미정,코오롱제약(주)
200100673,프리카바에프캡슐(수출명:FreecofCapsules),(주)마더스제약
200100718,정장생과립(바실루스리케니포르미스균),아주약품(주)
200100780,동화덴스톨캡슐,동화약품(주)
200100794,코비안에스시럽,삼아제약(주)
200100795,코비안에스정,삼아제약(주)
200100837,콜민-에이정,영진약품(주)
200100900,크리벤트점안액(크로몰린나트륨),삼천당제약(주)
200100915,애니펜정150밀리그램(덱시부프로펜),안국약품(주)
200100920,제올라에스액,태극제약(주)
200100922,로노펜정(덱시부프로펜),태극제약(주)
200100960,펜타우드정(덱시부프로펜),(주)제뉴파마
200100997,에쟈스민정(로라타딘),(주)제뉴파마
200101016,데코라펜정(덱시부프로펜),(주)비보존제약
200101022,제이타딘정(로라타딘),(주)비보존제약
200101037,메빌정,명인제약(주)
200101057,용각산쿨과립,(주)보령
200101204,어의고첩카타플라스마(수출용),신신제약(주)
200101249,바이메드캡슐(사카로마이세스보울라르디균),(주)테라젠이텍스
200101315,벤포렉스캡슐,(주)다림바이오텍
200101554,화인코프에이캡슐,삼진제약(주)
200101555,포나민정,삼진제약(주)
200101633,트리겔정,대원제약(주)
200101683,덱스핀정(덱시부프로펜디.씨),한국유나이티드제약(주)
200101738,훼로바-유서방정(건조황산제일철),부광약품(주)
200101870,세리노즈정(세티리진염산염),에이치엘비제약(주)
200102013,엔터폴캡슐(니푸록사지드),오스틴제약(주)
200102101,혜민고카타플라스마,대화제약(주)
200102113,하벤-키즈시럽,주식회사제뉴원사이언스
200102527,노텍정(세티리진염산염),미래바이오제약(주)
200102543,"무코신일정(메틸-N,S-디아세틸시스테인)",신일제약(주)
200102561,리치칼슘연질캡슐(알파칼시돌),신일제약(주)
200102565,코린시럽,신일제약(주)
200102577,아세핀정(아세트아미노펜제피세립),신일제약(주)
200102591,쎄쎄500산,한미약품(주)
200102618,락티손에이취씨현탁액1%(히드로코르티손),제이더블유신약(주)
200102641,제이더블유신약페닐에프린액(페닐레프린염산염),제이더블유신약(주)
200102653,스카이정,(주)한국파비스제약
200102657,스노핀정275밀리그램(나프록센나트륨),(주)한국파비스제약
200102658,타렌스탑캡슐,(주)한국파비스제약
200102667,코드랍정,(주)한국파비스제약
200102769,"트리페린정(수출명: RHIGEST Tab., Col Col Co Tablet)",알파제약(주)
200102787,쥬르택액(세티리진염산염),조아제약(주)
200102790,빅센액(L-아스파르트산-L-아르기닌수화물)(수출명 : Manpos),조아제약(주)
200102905,구주로라타딘정10밀리그람(수출명:로히스타정),구주제약(주)
200102920,파워폴연질캡슐(수출명: POWERPOLL),구주제약(주)
200103013,시노카엔캡슐,현대약품(주)
200103049,하이스탈정,명문제약(주)
200103238,한방수카타플라스마,(주)녹십자
200103343,팬스타정(덱시부프로펜),(주)서울제약
200103360,"아이필점안액(수출명:나졸라점안액, 나파존점안액)",한림제약(주)
200103537,베아로제정,한솔신약(주)
200103882,프리메정(덱시부프로펜디.씨),한국프라임제약(주)
200103884,팜코라민정(수출용),한국프라임제약(주)
200103947,크린팝카타플라스마,대화제약(주)
200103968,헤모렉스크림(프라목신염산염),대화제약(주)
200104079,뿌레콜에프캡슐,경방신약(주)
200108429,아스피린프로텍트정100밀리그람,바이엘코리아(주)
200108686,"레스피비엔액 (옥시메타졸린염산염), 레스피비엔액 프레쉬민트 (옥시메타졸린염산염)",제일헬스사이언스(주)
200108738,피지오머비강세척액 스프레이 노즐(멸균등장해수)/피지오머비강세척액 젯 노즐(멸균등장해수),(주)유유제약
200108778,볼타렌에멀겔(디클로페낙디에틸암모늄),헤일리온코리아주식회사
200109391,젤존팝카타플라스마(플루르비프로펜),(주)오현파마코푸레이션 
200109392,기공활혈고(수입명:CHIKUNGHUOSHIUEHKAO),(주)오현파마코푸레이션 
200109402,조아팝(플루르비프로펜),(주)오현파마코푸레이션 
200109516,득생만통고,(주)오현파마코푸레이션 
200109567,크라비트점안액(레보플록사신 수화물),한국산텐제약(주)
200109572,콘투락투벡스겔,(주)메디팁
200109769,애드빌정(이부프로펜),헤일리온코리아주식회사
200200157,모드코프시럽,(주)종근당
200200304,대한관류용멸균증류수,대한약품공업(주)
200200323,타겐에프연질캡슐(빌베리건조엑스),국제약품(주)
200200330,바시락크림(아시클로버),일동제약(주)
200200406,이바내정,정우신약(주)
200200414,생장환에스정,정우신약(주)
200200450,페노스탑플라스타(플루르비프로펜),(주)대웅제약
200200471,모아훼린캡슐(폴리사카리드철착염),(주)유한양행
200200502,프로틴정(니자티딘),(주)바이넥스
200200561,포리겔정,(주)마더스제약
200200585,에디펜점안액(케토티펜푸마르산염),대우제약(주)
200200614,리버올라액,(주)유한양행
200200662,세토펜8시간이알서방정(아세트아미노펜),삼아제약(주)
200200734,영진아스피린장용정,영진약품(주)
200200757,리노콜드시럽,(주)에이프로젠바이오로직스
200200773,캄비손소프트크림,(주)한독
200200774,로푸록스겔(시클로피록스),(주)한독
200200836,태극아즈렌에스연고(구아야줄렌),태극제약(주)
200200843,이소나졸크림(이소코나졸질산염)(수출명:Tanagen Cream),태극제약(주)
200200844,파티마겔2.5%(가수과산화벤조일),태극제약(주)
200200852,다이제스트정,(주)마더스제약
200200858,알나졸정400밀리그램(알벤다졸),태극제약(주)
200200886,벤타손연고(무피로신),(주)제뉴파마
200201014,프로엑스피액,일양약품(주)
200201134,바이콜시럽,(주)동구바이오제약
200201239,아르펜정,경남제약(주)
200201329,디프로펜정300밀리그램(덱시부프로펜디.씨.),한국유니온제약(주)
200201397,프리비투스현탁액(레보클로페라스틴펜디조산염),대원제약(주)
200201403,포타겔현탁액(디옥타헤드랄스멕타이트),대원제약(주)
200201481,하드칼츄어블정,부광약품(주)
200201482,타세놀8시간이알서방정(아세트아미노펜),부광약품(주)
200201549,알부라민연질캡슐,에이치엘비제약(주)
200201551,더마쎄지크림,에이치엘비제약(주)
200201554,에이치엘비알벤다졸400정,에이치엘비제약(주)
200201559,에이치엘비피록시캄겔(피록시캄),에이치엘비제약(주)
200201595,헤파타인액,에이치엘비제약(주)
200201695,맥스펜정(덱시부프로펜),오스틴제약(주)
200201703,덱사톱크림(덱사메타손프로피오네이트),오스틴제약(주)
200201706,쿨그린겔(케토프로펜)(수출용),오스틴제약(주)
200201707,오스틴아시클로버크림,오스틴제약(주)
200201710,쎈다실크림1%(테르비나핀염산염),오스틴제약(주)
200201771,덴타포스캡슐,고려제약(주)
200201776,하벤목에스캡슐,고려제약(주)
200201778,더마크린에취씨로션1%(히드로코르티손),고려제약(주)
200201781,아스노캡슐,고려제약(주)
200201784,쎄락틸정300밀리그람(덱시부프로펜디.씨.),고려제약(주)
200201831,애스펜정(덱시부프로펜),영일제약(주)
200201841,헥시덱스-4액(클로르헥시딘글루콘산염액),하이플생명과학(주)
200201855,올바펜정,하이플생명과학(주)
200201906,위소탄-에프정,한국넬슨제약(주)
200201969,페브로민-에이시럽,(주)테라젠이텍스
200201998,덴스롤캡슐,에스케이케미칼(주)
200202001,아크로빈크림(아시클로버),에스케이케미칼(주)
200202126,하루펜플라스타(케토프로펜),신일제약(주)
200202148,그리펜-에스정(덱시부프로펜),신일제약(주)
200202172,알러콘점안액(케토티펜푸마르산염),한미약품(주)
200202198,무조날외용액1%(테르비나핀염산염),한미약품(주)
200202212,나무졸크림(테르비나핀염산염),제이더블유신약(주)
200202266,에치시드정,(주)바스칸바이오제약
200202342,하디콜정,광동제약(주)
200202349,파워라센액,광동제약(주)
200202423,탈스탑캡슐,조아제약(주)
200202573,미투-에스연질캡슐,영풍제약(주)
200202720,레스톨캡슐,명문제약(주)
200202736,포스톤G액,초당약품공업(주)
200202755,에스프로펜정(덱시부프로펜),(주)유영제약
200202847,티메롤8시간이알서방정(아세트아미노펜),(주)서울제약
200202873,엔시드8시간이알서방정650mg(아세트아미노펜),한림제약(주)
200202928,제스부틴정(트리메부틴말레산염),(주)알피바이오
200202997,고닐고포르테경고제,유니메드제약(주)
200203587,탑사인카타플라스마(펠비낙),대화제약(주)
200203626,구미포비돈요오드액,구미제약(주)
200204177,알마트린정,성원애드콕제약(주)
200204181,네오퀸크림4%(히드로퀴논),(주)나노팜
200204369,트리엠정100밀리그램(트리메부틴말레산염),(주)휴온스
200204384,클로닉정125밀리그램(클로닉신리시네이트),화일약품(주)
200204388,나프록신정(나프록센나트륨),화일약품(주)
200209700,오트리빈0.05%비강분무액(자일로메타졸린염산염),헤일리온코리아주식회사
200210173,로세릴크림(아모롤핀염산염),갈더마코리아(주)
200210275,포텐시에이터액(엘-아스파르트산-엘-아르기닌),(주)재우스팜
200210297,케프로펜경고제(케토프로펜),(주)오현파마코푸레이션 
200210298,다나펜카타플라스마(플루르비프로펜),(주)재우스팜
200210300,득생활혈산통고,(주)재우스팜
200210304,판토가캅셀,(주)메디팁
200210575,탄툼베르데네뷸라이저(벤지다민염산염),삼아제약(주)
200210726,베세틴액(포비돈요오드),현대약품(주)
200210727,베세틴스크럽세액(포비돈요오드),현대약품(주)
200210778,우르솔연질캡슐,영풍제약(주)
200210839,인프라센액,구주제약(주)
200300069,바이오파워캡슐,(주)한풍제약
200300092,투스딘골드캡슐,(주)종근당
200300095,젠빅연질캡슐,(주)종근당
200300100,엘도란트캡슐(에르도스테인),(주)종근당
200300192,덴드리스캡슐,제이더블유중외제약(주)
200300245,대한관류용멸균생리식염수,대한약품공업(주)
200300251,엘펙트캡슐(에르도스테인),국제약품(주)
200300269,알도스텐캡슐300밀리그램(에르도스테인),일동제약(주)
200300281,훼리탑에프캡슐,일동제약(주)
200300337,성광티눈액,(주)퍼슨
200300338,니라마이드산,(주)퍼슨
200300340,성광헥시클렌액(클로르헥시딘글루콘산염 액),(주)퍼슨
200300406,닥터베아제정,(주)대웅제약
200300450,아티펜점안액(케토티펜푸마르산염),(주)바이넥스
200300463,이알디캡슐(에르도스테인),(주)바이넥스
200300470,포리부틴정150mg(트리메부틴말레산염),삼일제약(주)
200300547,후시딘히드로크림,동화약품(주)
200300579,도스틴캡슐(에르도스테인),삼아제약(주)
200300583,다이톱현탁액(디옥타헤드랄스멕타이트),삼아제약(주)
200300598,덴티엔플러스캡슐,(주)일화
200300623,알비정400mg(알벤다졸),알리코제약(주)
200300640,쎄레론지크림(수출명: GENTAX B Cream),동성제약(주)
200300655,진셀몬에스이정,영진약품(주)
200300703,하이비날골드정,(주)한독
200300737,후리졸정(알벤다졸),(주)에이프로젠바이오로직스
200300741,에스코판정,(주)에이프로젠바이오로직스
200300752,케프란점안액(케토티펜푸마르산염)(수출명:케토레그점안액),삼천당제약(주)
200300769,엔디스캡슐(에르도스테인),삼천당제약(주)
200300808,발렌시아연질캡슐,태극제약(주)
200300813,박트리안연고(무피로신),태극제약(주)
200300817,무라졸크림(테르비나핀염산염),태극제약(주)
200300822,"하이로손크림(히드로코르티손)(수출명:Hydrocortisone1%CreamMaxStrength,HydrocortisoneCream)",태극제약(주)
200300825,무라졸외용액(테르비나핀염산염),태극제약(주)
200300836,엘린플러스크림,태극제약(주)
200300913,이가탄에프캡슐,명인제약(주)
200300929,이가덱스캡슐,(주)보령
200300953,덴타민캡슐,일양약품(주)
200300960,노루모현탁액,일양약품(주)
200300961,헤모콤플러스연질캡슐(수출명: COMHEMO),일양약품(주)
200300976,테라400정,일양약품(주)
200301033,엘부날캡슐(에르도스테인),진양제약(주)
200301037,페노크린첩부제(플루르비프로펜),신신제약(주)
200301038,신신펠비낙첩부제,신신제약(주)
200301069,마이부틴정(트리메부틴말레산염),(주)동구바이오제약
200301080,코디케어로션2.5%(히드로코르티손),(주)동구바이오제약
200301138,비올씨정,경남제약(주)
200301181,포부틴정(트리메부틴말레산염),한국유니온제약(주)
200301252,엘스테인캡슐(에르도스테인),대원제약(주)
200301473,트리플에이연고,오스틴제약(주)
200301477,알파칼연질캡슐(알파칼시돌),오스틴제약(주)
200301479,이벤캡슐,오스틴제약(주)
200301486,"람노스캡슐(락토바실루스카제이변종람노수스)(수출명1: 올바이오캡슐, 수출명2: 안티비오포르테캡슐)",한화제약(주)
200301499,마그네스정,대화제약(주)
200301501,플록펜첩부제(플루르비프로펜),대화제약(주)
200301506,큐업액,고려제약(주)
200301507,엘도스탐캡슐(에르도스테인),코오롱제약(주)
200301508,레보골드액,고려제약(주)
200301589,파이에온정,하이플생명과학(주)
200301610,엘도랄정(에르도스테인),경동제약(주)
200301618,에도스텐캡슐(에르도스테인),한국넬슨제약(주)
200301635,나이베라크림,(주)테라젠이텍스
200301784,투어펜플라스타(플루르비프로펜),신일제약(주)
200301795,뉴젠비싸이모정,(주)셀릭스
200301797,히아로겔(히알루론산나트륨),한미약품(주)
200301805,소하자임플러스정,한미약품(주)
200301808,코푸스탑플러스연질캡슐,한미약품(주)
200301809,스피드펜연질캡슐200밀리그램(이부프로펜),한미약품(주)
200301818,써스펜8시간이알서방정650밀리그램(아세트아미노펜),한미약품(주)
200301820,티어드롭점안액2%(포비돈),한미약품(주)
200301833,엘도인캡슐300밀리그램(에르도스테인),한미약품(주)
200301846,아루진정,(주)한국파비스제약
200301855,리버칼연질캡슐,(주)한국파비스제약
200301913,하디코프에프정,광동제약(주)
200301956,이덴트플러스캡슐,(주)씨엠지제약
200301985,뉴로친연질캡슐,(주)씨엠지제약
200301992,베로신지크림,알파제약(주)
200301993,로젤민연질캡슐(수출명:EROJELLMIN),알파제약(주)
200301994,벤스나졸크림(테르비나핀염산염),알파제약(주)
200302004,에카펜씨정,조아제약(주)
200302005,조아토닉캡슐(수출용),조아제약(주)
200302007,마로엘정,조아제약(주)
200302008,윈다졸정(알벤다졸),조아제약(주)
200302062,한방통치고카타플라스마,(주)티디에스팜
200302065,플루펜카타플라스마(플루르비프로펜),(주)티디에스팜
200302067,뉴펜스탑카타플라스마(펠비낙),(주)티디에스팜
200302155,파모콤푸츄정,지엘파마(주)
200302177,엘바민정,초당약품공업(주)
200302217,제놀쿨카타플라스마,(주)녹십자
200302218,명심고카타플라스마,(주)녹십자
200302266,두배락캡슐(바실루스리케니포르미스균),(주)서울제약
200302275,"세브론시럽(아세틸시스테인)(수출명:뮤시스틴시럽,스파탐시럽)",(주)서울제약
200302278,세브론에이시럽,(주)서울제약
200302303,포티텐점안액(케토티펜푸마르산염),한림제약(주)
200302371,에스빌연질캡슐(덱시부프로펜),(주)알피바이오
200302415,플라톱플라스타(케토프로펜),(주)경보제약
200302454,클로안에프점안액(수출명:참술점안액)(수출용),유니메드제약(주)
200302457,유니펙탄캡슐(에르도스테인),유니메드제약(주)
200302512,"그린티눈액(수출명 : 1. Green Tinun Solution, 2. Collopaint Wart Solution)",(주)그린제약
200302514,그린헥시딘액5%(클로르헥시딘글루콘산염액),(주)그린제약
200302521,탐부틴정200밀리그램(트리메부틴말레산염),대한뉴팜(주)
200302728,니타딘정(니자티딘),(주)넥스팜코리아
200302791,탑스에프카타플라스마(케토프로펜),대화제약(주)
200302817,구미포비스왑스틱(포비돈요오드)(수출명:포비딕),구미제약(주)
200302822,큐앤큐포비돈스틱스왑(포비돈요오드),큐앤큐팜(주)
200303231,더모케어로오숀2.5%(히드로코르티손),(주)나노팜
200303256,아시콜크림(아시클로버),주식회사제뉴원사이언스
200303258,스무스케어로션2.5%(히드로코르티손),주식회사제뉴원사이언스
200303259,터나빈크림(테르비나핀염산염),주식회사제뉴원사이언스
200303260,케토에스겔(케토프로펜),주식회사제뉴원사이언스
200303264,루스트라크림4%(히드로퀴논),주식회사제뉴원사이언스
200303274,댄스탑외용액(케토코나졸),주식회사제뉴원사이언스
200307641,알파간피점안액0.15%(브리모니딘타르타르산염),한국애브비(주)
200307875,듀라프렙외용액,솔벤텀코리아주식회사
200307984,박티그라멸균거즈(클로르헥시딘아세트산염),스미스앤드네퓨(주)
200308326,더생우쿵카오경고제,(주)재우스팜
200308396,폴락스산(폴리에틸렌글리콜4000),안국약품(주)
200308600,미키크림,(주)에이프로젠바이오로직스
200308603,제니폴연질캡슐,영풍제약(주)
200308774,뮤코다인캡슐200mg(아세틸시스테인),(주)테라젠이텍스
200400009,에도날캡슐(에르도스테인),신풍제약(주)
200400116,모드콜시럽,(주)종근당
200400118,락토웰장용캡슐(바실루스서브틸리스균·엔테로코쿠스페슘균배양물),(주)종근당
200400135,덱시로펜정(덱시부프로펜),동광제약(주)
200400151,엘도틴캡슐(에르도스테인),이연제약(주)
200400201,오로친에스정,(주)유유제약
200400233,에도인캡슐(에르도스테인),삼성제약(주)
200400325,아로나민씨플러스정,일동제약(주)
200400364,한올트리메부틴말레산염정,한올바이오파마(주)
200400462,리버골드에프연질캡슐,(주)대웅제약
200400463,이지엔6애니연질캡슐(이부프로펜),(주)대웅제약
200400485,"이지엔6프로연질캡슐(덱시부프로펜)(수출명:DAUFENSoftCapsule,SPEEDFEN)",(주)대웅제약
200400500,"삐콤씨에이스정
(수출명:유한삐콤씨에이스정)",(주)유한양행
200400550,에카씬정,(주)바이넥스
200400641,세리펙에스정,(주)마더스제약
200400644,아나탁심정(나프록센나트륨),(주)마더스제약
200400668,에르딘캡슐(에르도스테인),대우제약(주)
200400752,티알부틴정(트리메부틴말레산염),조아제약(주)
200400766,페리닥터캡슐,동화약품(주)
200400785,다이오친에프정,삼아제약(주)
200400830,엘도신캡슐(에르도스테인),알리코제약(주)
200400925,훼로바프리미엄캡슐,부광약품(주)
200400951,엘도스타캡슐(에르도스테인),(주)에이프로젠바이오로직스
200401046,로얄코티크림,(주)에이프로젠바이오로직스
200401051,이보드람연고,(주)에이프로젠바이오로직스
200401058,훼르친캡슐,(주)에이프로젠바이오로직스
200401121,프라렉신크림(프라목신염산염),태극제약(주)
200401126,프라믹신연고(수출명:안티바이오틱오인트먼트플러스패인릴리이버),태극제약(주)
200401131,모바린액5%(미녹시딜),(주)일화
200401143,지스톤크림,태극제약(주)
200401149,하이로손로션2.5%(히드로코르티손),태극제약(주)
200401210,진트로이에프정(트리메부틴말레산염),(주)비보존제약
200401219,데코라펜연질캡슐(덱시부프로펜),(주)비보존제약
200401223,제이카인프리미움겔(리도카인),(주)비보존제약
200401237,제이카인크림(리도카인),(주)비보존제약
200401293,슈멕톤현탁액(디옥타헤드랄스멕타이트)(수출명:DOSMECTINE),일양약품(주)
200401295,테라빅정,일양약품(주)
200401307,아진팜정,일양약품(주)
200401318,헤모레이디캡슐,(주)마더스제약
200401321,속코정,일양약품(주)
200401419,천우동의고카타플라스마(수출용),천우신약(주)
200401422,신신찜파스,신신제약(주)
200401423,진생고카타플라스마,신신제약(주)
200401424,인타신첩부제(인도메타신),신신제약(주)
200401445,엘로틴캡슐(에르도스테인),(주)동구바이오제약
200401475,"뮤코존정(메칠-N,S-디아세틸시스테인)",(주)동구바이오제약
200402065,오스틴엘시스틴연질캡슐500밀리그램,오스틴제약(주)
200402069,삼메틴정(트리메부틴말레산염),오스틴제약(주)
200402122,"디젠정(수출명:Digestal,Dailase)",대화제약(주)
200402284,에도스캡슐(에르도스테인),영일제약(주)
200402297,리보렌에스연질캡슐,영일제약(주)
200402328,엘도스틴캡슐(에르도스테인),(주)파마킹
200402458,엘펙탄캡슐(에르도스테인),(주)팜젠사이언스
200402508,엘테인캡슐(에르도스테인),하나제약(주)
200402546,이모나캡슐,미래바이오제약(주)
200402560,다우제큐정,미래바이오제약(주)
200402580,콤비올에이정,신일제약(주)
200402581,리게논-큐연질캡슐,신일제약(주)
200402585,알레스탑-에스정,신일제약(주)
200402651,하티손로션1%(히드로코르티손),한미약품(주)
200402652,하티손로션2.5%(히드로코르티손),한미약품(주)
200402711,케펜겔(케토프로펜),(주)한국파비스제약
200402713,안티센크림,(주)한국파비스제약
200402786,광동동의한방고카타플라스마,광동제약(주)
200402789,케토플러스카타플라스마(케토프로펜),광동제약(주)
200402806,페리비타캡슐,광동제약(주)
200402856,콜스롤연질캡슐,(주)씨엠지제약
200402866,리렌스연고(구아야줄렌),(주)씨엠지제약
200402912,엘도린캡슐(에르도스테인),영풍제약(주)
200402947,타이펜8시간이알서방정,영풍제약(주)
200402984,한풍제통고플러스카타플라스마,(주)한풍제약
200403011,파프케이플러스카타플라스마(케토프로펜),(주)티디에스팜
200403019,한방파프자생고에이카타플라스마,(주)티디에스팜
200403020,한방동의고카타플라스마,(주)티디에스팜
200403030,노무졸크림(테르비나핀염산염),원광제약(주)
200403042,헤모테인캡슐,구주제약(주)
200403052,메부틴정(트리메부틴말레산염)(수출명: Supertrim Tab.),구주제약(주)
200403090,뮤코메드캡슐(에르도스테인),구주제약(주)
200403167,아페린정,(주)휴온스
200403246,에르도스캡슐(에르도스테인),명문제약(주)
200403327,콜레논연질캡슐(수출명 : Dreamway Soft Capsule),알보젠코리아(주)
200403333,에센비정,알보젠코리아(주)
200403428,새로딘시럽(로라타딘),삼익제약(주)
200403625,푸푸에프연질캡슐,(주)알피바이오
200403634,헤모퀸탑연질캡슐,(주)알피바이오
200403642,두캅스에이연질캡슐,(주)알피바이오
200403671,에이스펜연질캡슐(나프록센),(주)알피바이오
200403678,훼너지캡슐,(주)팜젠사이언스
200403710,엘도코프캡슐(에르도스테인),(주)경보제약
200403718,덴티몬캡슐,(주)경보제약
200403719,리버포유연질캡슐,(주)경보제약
200403777,벤다졸정(알벤다졸),한국코러스(주)
200403808,비오알정(엔테로코쿠스페칼리스BIO-4R균)(수출용),유니메드제약(주)
200403841,음양고카타플라스마,주식회사제뉴원사이언스
200403844,알부타민연질캡슐,알리코제약(주)
200403873,콜레스텐연질캡슐,대한뉴팜(주)
200403886,콜다운연질캡슐,대한뉴팜(주)
200404048,비도스캡슐(에르도스테인),한국프라임제약(주)
200404205,메부라틴정150밀리그람(트리메부틴말레산염)(수출명:MEBURATIN Tablet 150mg),(주)넥스팜코리아
200404238,메타플러스첩부제(인도메타신),대화제약(주)
200404292,큐앤큐헥시딘스크랍,큐앤큐팜(주)
200404437,엘도펙트캡슐300밀리그램(에르도스테인),환인제약(주)
200404625,나녹시딜액2%(미녹시딜),(주)나노팜
200404626,나녹시딜액5%(미녹시딜),(주)나노팜
200404657,엘도브론캡슐300밀리그램(에르도스테인),주식회사제뉴원사이언스
200404685,케이엠시프겔,경진제약(주)
200404692,제뉴원트리메부틴말레산염정,주식회사제뉴원사이언스
200404710,하이트리크림,주식회사제뉴원사이언스
200404779,엘도캡슐(에르도스테인),(주)휴온스
200404781,헤파비트에프연질캡슐,(주)바스칸바이오제약
200409934,뉴브이로토이엑스점안액,(주)보령
200410068,오트리빈베이비내추럴비강분무액(염화나트륨),헤일리온코리아주식회사
200410130,애바가드외용액,솔벤텀코리아주식회사
200410514,오현파마활혈진통고,(주)오현파마코푸레이션 
200410651,더존오팔레센스10%(카바마이드퍼옥사이드),에스티인터내셔널주식회사
200410715,칼테오-40정(Calteo-40Tablets),(주)파마택코리아
200410902,에르건캡슐(에르도스테인),건일바이오팜주식회사
200411048,엘도텍캡슐(에르도스테인),오스틴제약(주)
200500106,리버쿨환,(주)한풍제약
200500107,치지래과립,(주)한풍제약
200500150,훼러진플러스캡슐,(주)종근당
200500162,펙손정120밀리그램(펙소페나딘염산염),(주)종근당
200500186,칼디텍츄어블정,동광제약(주)
200500295,중외펠비낙첩부제,제이더블유중외제약(주)
200500298,노펜첩부제(플루르비프로펜),제이더블유중외제약(주)
200500434,더마큐연고,일동제약(주)
200500504,마이락스산(폴리에틸렌글리콜3350),(주)한국파비스제약
200500534,제일한방파프수카타플라스마,제일헬스사이언스(주)
200500569,웰리드연질캡슐,(주)유한양행
200500570,타나센정,(주)유한양행
200500575,쎌업연질캡슐,(주)유한양행
200500605,슈카민정,(주)바이넥스
200500704,프라스칼-디정750밀리그람,아주약품(주)
200500806,나프노펜정(나프록센나트륨),(주)일화
200500864,졸리민정,동성제약(주)
200500882,덴티나인캡슐,영진약품(주)
200500887,진셀몬큐텐정,영진약품(주)
200500923,이덴큐캡슐,(주)에이프로젠바이오로직스
200500986,바른솔크림,(주)에이프로젠바이오로직스
200501005,아인쿨점안액(수출명:아이쿨점안액),삼천당제약(주)
200501029,안국아시클로버크림,안국약품(주)
200501060,벤트락스겔(수출명 : SUNTRAX GEL),태극제약(주)
200501062,이벤탁연고(트리암시놀론아세토니드),태극제약(주)
200501095,알로탈정,태극제약(주)
200501103,코엔큐연질캡슐(수출명 : CAROLBIC SOFT CAPSULE),태극제약(주)
200501105,태극아즈렌에스크림(구아야줄렌),태극제약(주)
200501134,"스카벡스겔(수출명:SCARCONVEX, OFSCAR, SCAROBEX)",(주)제뉴파마
200501175,맨담펠비낙첩부제,(주)보령
200501177,맨담디클론첩부제(디클로페낙디에틸암모늄),(주)보령
200501190,훼로모아캡슐,영풍제약(주)
200501200,뉴유스킨에이크림,(주)보령
200501213,조인업첩부제(플루르비프로펜),일양약품(주)
200501216,크린탈정(아세트아미노펜),일양약품(주)
200501224,혈강고카타플라스마,일양약품(주)
200501234,투헬스연질캡슐,일양약품(주)
200501321,신신파스아렉스,신신제약(주)
200501323,신신티눈액,신신제약(주)
200501354,더모백겔,시믹씨엠오코리아주식회사
200501357,쎄레스틴크림,(주)동구바이오제약
200501369,디카맥스1000정,(주)다림바이오텍
200501415,경남그린웰연질캡슐,경남제약(주)
200501497,벨라제정(브로멜라인),한국유니온제약(주)
200501511,벨라제정45mg(브로멜라인),한국유니온제약(주)
200501559,니자티드정(니자티딘),(주)한국파마
200501573,레디페린-에프캡슐,삼진제약(주)
200501578,웰타민연질캡슐,삼진제약(주)
200501637,홈타민에이연질캡슐(수출용),한국유나이티드제약(주)
200501661,뉴란스플러스정,부광약품(주)
200501812,다나핀크림(부테나핀염산염),오스틴제약(주)
200501892,하벤파워에스캡슐,고려제약(주)
200502014,두스카정,한국넬슨제약(주)
200502037,팜젠아세틸시스테인과립200밀리그램,(주)팜젠사이언스
200502050,웰러드연질캡슐,(주)팜젠사이언스
200502054,쿨리브정,(주)팜젠사이언스
200502066,안티라제정(수출명: Strikase),(주)한국비엠아이
200502086,타이리콜8시간이알서방정(아세트아미노펜),하나제약(주)
200502126,시알딘정,미래바이오제약(주)
200502128,다아펜정,미래바이오제약(주)
200502133,쾌이락큐정,미래바이오제약(주)
200502139,브로자임정(브로멜라인),미래바이오제약(주)
200502148,바로콜-에프캡슐,미래바이오제약(주)
200502310,리렉사정(수출용),(주)바스칸바이오제약
200502450,편해정,알파제약(주)
200502455,센도스연질캡슐,알파제약(주)
200502474,브로다제장용정(브로멜라인),영풍제약(주)
200502519,케로펜플라스타(케토프로펜),(주)티디에스팜
200502601,마이다정,(주)휴온스
200502646,덴티에프캡슐,지엘파마(주)
200502661,제나콤정(알벤다졸),명문제약(주)
200502663,부로멜라장용정(브로멜라인),명문제약(주)
200502669,로콜연질캡슐,명문제약(주)
200502688,비타비스정,케이엠에스제약(주)
200502775,그린콜샷에스시럽,(주)녹십자
200502779,제놀원카타플라스마,(주)녹십자
200502837,노보민시럽,삼익제약(주)
200502842,두배락산(바실루스리케니포르미스균),(주)서울제약
200502887,"이지드롭점안액(수출명:아티피셜티어즈점안액, 제티어점안액, 게리케어아티피셜티어즈점안액)",한림제약(주)
200502895,"시너스비액(옥시메타졸린염산염)(수출명:오리지날릴리프비액,엑스트라모이스처라이징비액,사이너스비액)",한림제약(주)
200502922,새솔크림,(주)시어스제약
200503125,덴카바캡슐,알리코제약(주)
200503139,테르나졸크림(테르비나핀염산염),(주)휴비스트제약
200503288,진수고카타플라스마,알리코제약(주)
200503336,케토엑스투카타플라스마(케토프로펜),대화제약(주)
200503344,푸로펜카타플라스마(플루르비프로펜),대화제약(주)
200503608,진크피현탁액(피리티온아연 액),(주)나노팜
200503609,나녹시딜액3%(미녹시딜),(주)나노팜
200503635,케이녹시액5%(미녹시딜),주식회사제뉴원사이언스
200503636,케이팝한방파프카타플라스마,주식회사제뉴원사이언스
200503637,에카민씨정,주식회사제뉴원사이언스
200510975,비판텐연고(덱스판테놀),바이엘코리아(주)
200511037,니코틴엘로젠즈민트향트로키1밀리그램(니코틴타르타르산염수화물),지피테라퓨틱스코리아주식회사
200511290,리포직점안겔(카보머),(주)바슈헬스코리아
200511292,뮤로128점안액5%(염화나트륨),(주)바슈헬스코리아
200511293,오큐바이트프리저비전정,(주)바슈헬스코리아
200511325,노자임캡슐(판크레아틴장용성제피정),(주)한국팜비오
200511327,단아팬에프카타플라스마(인도메타신),(주)오현파마코푸레이션 
200511332,코네티비나겔(히알루론산나트륨),(주)동인제약
200511435,더존오팔레센스에프15%(메론향),에스티인터내셔널주식회사
200511463,알소프트액,(주)사라야코리아
200511465,코로로에스피가글액(클로르헥시딘글루콘산염액),(주)사라야코리아
200511943,1.셀레나제100마이크로그램퍼오랄액(아셀렌산나트륨오수화물)2.셀레나제티퍼오랄액(아셀렌산나트륨오수화물),비오신코리아(주)
200512041,카비드츄어블정,알보젠코리아(주)
200512200,펙소나딘정120밀리그램(펙소페나딘염산염),한미약품(주)
200512203,솔루펜연질캡슐(덱시부프로펜),현대약품(주)
200512334,유니쎈타액,유니메드제약(주)
200512347,둘코락스좌약(비사코딜),오펠라헬스케어코리아(주)
200600050,"프렌즈아이드롭점안액(순),프렌즈아이드롭점안액(쿨),프렌즈아이드롭점안액(쿨하이),프렌즈아이드롭점안액(순)(1회용)",제이더블유중외제약(주)
200600083,프로디펜첩부제(플루르비프로펜),일동제약(주)
200600106,무조메큐액,(주)퍼슨
200600110,제일탑첩부제(플루르비프로펜),제일헬스사이언스(주)
200600134,판테민정(판테틴),(주)바이넥스
200600191,동성미녹시딜액3%,동성제약(주)
200600194,동성미녹시딜액5%,동성제약(주)
200600233,마이렉스정,태극제약(주)
200600308,신신냉파프카타플라스마,신신제약(주)
200600379,프라맥스크림(프라목신염산염),에이치엘비제약(주)
200600412,리버베타연질캡슐(수출명:ganliver),(주)서흥
200600506,테르나핀겔(테르비나핀),위더스제약(주)
200600572,"제놀골드플라스타(케토프로펜)(수출, 군납명:케넨서플라스타)",(주)녹십자
200600573,훼리너프캡슐,(주)녹십자
200600575,제놀탑에스카타플라스마(케토프로펜),(주)녹십자
200600587,스카리스겔(수출용),(주)서울제약
200600665,엘시콤정,유니메드제약(주)
200600720,인플라정,(주)넥스팜코리아
200600735,에폴민카타플라스마(디클로페낙에폴아민),대화제약(주)
200603856,니코틴엘껌2밀리그램(니코틴),지피테라퓨틱스코리아주식회사
200603947,코네티비나거즈(히알루론산나트륨),(주)동인제약
200604265,"람노스과립 (수출명1: Allbio granules, 수출명2: Antibio Forte granules) (락토바실루스카제이변종람노수스)",한화제약(주)
200604321,시노코프캡슐,현대약품(주)
200605371,래피콜에이캡슐,(주)유한양행
200605374,브이텐연질캡슐,(주)유한양행
200606295,개비스콘페퍼민트현탁액,(유)옥시레킷벤키저
200606413,이브듀오시럽(이부프로펜),삼아제약(주)
200606537,헤모포스정,제이더블유중외제약(주)
200606546,에이프로젠무피로신연고,(주)에이프로젠바이오로직스
200606621,박테로신연고(무피로신)(수출명: KM MUPIROCIN Oint) ,주식회사제뉴원사이언스
200606745,노비프록스액(시클로피록스올아민),태극제약(주)
200607004,칼디플러스정,하나제약(주)
200607006,미래트리메부틴정(트리메부틴말레산염),미래바이오제약(주)
200607484,애니클렌액,(주)퍼슨
200607734,트루비타정,(주)유한양행
200607735,콘택골드캡슐,(주)유한양행
200607736,덴타자임캡슐,(주)유한양행
200607742,안티푸라민조인트플라스타(펠비낙),(주)유한양행
200607745,비스칸엔산(바실루스리케니포르미스균),(주)바이넥스
200607786,유그린에프연고(요소),동성제약(주)
200607813,"옥시졸나잘액(옥시메타졸린염산염)(수출명:오리지날릴리프액,엑스트라모이스처라이징비액,사이너스비액)",태극제약(주)
200607815,베이덤연고(우레아),태극제약(주)
200607819,무라졸덤겔(테르비나핀),태극제약(주)
200607838,코큐민연질캡슐,(주)비보존제약
200607841,엑스칠플러스연고,시믹씨엠오코리아주식회사
200607843,콜그린에이캡슐,명인제약(주)
200607863,보령알벤다졸정,(주)보령
200607867,아미노피정,일양약품(주)
200607870,일양아이콤연질캡슐,일양약품(주)
200607885,신신케토크린24플라스타(케토프로펜),신신제약(주)
200607886,라이센드플러스액,신신제약(주)
200607893,켈로벡스겔,(주)다림바이오텍
200607903,셀지민정,경남제약(주)
200607914,지알마겔현탁액(알마게이트),(주)그린제약
200607950,동의고카타플라스마(수출명:coolrunning),(주)종근당
200607969,산타몬플러스캡슐,고려제약(주)
200608044,트라보겐크림(이소코나졸질산염),레오파마(유)
200608046,아젤리아크림(아젤라산(미분화)),레오파마(유)
200608158,큐텐훌연질캡슐,신일제약(주)
200608160,맥시부펜시럽(덱시부프로펜),한미약품(주)
200608182,광동큐디액,광동제약(주)
200608208,비타씬-플러스정,조아제약(주)
200608328,레드콜연질캡슐,(주)알피바이오
200608329,그린콜연질캡슐,(주)알피바이오
200608330,블루콜연질캡슐(수출용),(주)알피바이오
200608453,케이프록스액(시클로피록스올아민),주식회사제뉴원사이언스
200610627,사리돈에이정,바이엘코리아(주)
200610734,스티몰액(시트룰린말산염),(주)한국팜비오
200610741,케로팝경고제(케토프로펜),(주)재우스팜
200610742,인도포르테카타플라스마(인도메타신),(주)재우스팜
200610765,지르텍정(세티리진염산염),한국유씨비제약(주)
200610785,애드빌리퀴겔연질캡슐(이부프로펜),헤일리온코리아주식회사
200610975,대웅알벤다졸정,(주)대웅제약
200611367,그린포비돈스틱스왑(포비돈요오드),(주)그린제약
200611395,라시도필캡슐,(주)한국팜비오
200612120,아이케어점안액,(주)바이넥스
200612147,팝업플라스타(플루르비프로펜),(주)에이프로젠바이오로직스
200612303,터나빈겔(테르비나핀),주식회사제뉴원사이언스
200612567,칼시롤정,성원애드콕제약(주)
200612692,베라스톤크림,명문제약(주)
200612693,헥시클렌브러쉬액(클로르헥시딘글루콘산염 액),(주)퍼슨
200612696,포비크린브러쉬액(포비돈요오드),(주)퍼슨
200700547,판피린큐액,동아제약(주)
200700800,텐텐츄정,한미약품(주)
200700801,백일후애액2%(미녹시딜),동광제약(주)
200700803,백일후애액5%(미녹시딜),동광제약(주)
200700876,파날디정(덱시부프로펜),초당약품공업(주)
200700917,맥스텐정,오스틴제약(주)
200701274,그린솔트에프액,(주)그린제약
200701444,"케논에스플라스타(케토프로펜) 수출명: 케논에스플라스타(Kenon-S Plaster), 케토플라스트패취(Ketoplast Patch), 케토밴드(Ketoband), 케토티디디에스 플라스타( Keto-TDDS Plaster), 케토덤플라스타(Ketoderm Plaster)",아이큐어(주)
200701470,마이딜액5%(미녹시딜),제이더블유신약(주)
200701561,데오클렌액(염화알루미늄),(주)퍼슨
200701829,헥시타놀0.5%액,(주)퍼슨
200702161,마그스포르테액 ,조아제약(주)
200702162,"큐티스점안액(1회용), 큐티스점안액",한림제약(주)
200702264,프리아제정,정우신약(주)
200702522,목시딜액3%(미녹시딜),한미약품(주)
200702709,뮤레스캡슐(에르도스테인),제이더블유신약(주)
200703086,콜민-에이시럽,영진약품(주)
200703087,푸마훼린연질캡슐,(주)유한양행
200703089,쎄라손크림(수출용),한국코러스(주)
200703212,명랑에스산,삼남제약(주)
200703429,캐롤에프정(이부프로펜아르기닌),일동제약(주)
200703498,우라니틴액(L-아스파르트산-L-오르니틴),조아제약(주)
200703589,써스펜나이트정,한미약품(주)
200703926,니코레트껌2밀리그람(니코틴)(쿨민트향),켄뷰코리아판매유한회사
200703932,니코레트껌4밀리그람(니코틴)(쿨민트향),켄뷰코리아판매유한회사
200704035,메모론에스연질캡슐,영일제약(주)
200704064,지노베타딘질좌제(포비돈요오드),에이치엘비제약(주)
200704406,룩스린에프연질캡슐,태극제약(주)
200704407,코큐텐비타알부정,일양약품(주)
200704593,로토지파이뉴점안액,(주)보령
200704636,조인탑200연질캡슐,일양약품(주)
200704813,헤모큐플러스캡슐,(주)대웅제약
200704911,무조나크림(테르비나핀염산염),한국코러스(주)
200704918,콜콜코정,조아제약(주)
200705308,티로비스겔(티로트리신),(주)한국파비스제약
200705433,다나프록센정(나프록센나트륨)(수출용),한국코러스(주)
200705581,케프로텍플라스타(케토프로펜),현대약품(주)
200705612,클록스액(시클로피록스올아민),제이더블유신약(주)
200705787,테르졸겔(테르비나핀),(주)한국파마
200705800,노펜24첩부제(디클로페낙디에틸암모늄),제이더블유중외제약(주)
200705880,로나실덤겔(테르비나핀),(주)바이넥스
200706027,파워스탑플라스타(플루르비프로펜),경남제약(주)
200706340,"플럭스플라스타(플루르비프로펜, 수출명:플럭스(Flux), 플루펜(Flufen), 더마펜(Dermafen),플루르비덤( Flurbiderm), 렉스펜(Rexfen), 아티펜(Artifen))",아이큐어(주)
200707045,"펠스타플라스타(펠비낙)(수출명:펠스타(Felster),펠비나(Felbina),펠비덤(Felbiderm),모빌렉스(Mobilex),헥토플라스트(Hectoplast),페낙스(Fenacs))",아이큐어(주)
200707111,소프타-맨액,비브라운코리아(주)
200707403,락티손에이취씨현탁액2.5%(히드로코르티손),제이더블유신약(주)
200707521,테스톤지-플러스연질캡슐,영풍제약(주)
200707533,아이피아연질캡슐,경남제약(주)
200707923,덴티하이캡슐,(주)서흥
200707958,웰시연질캡슐,(주)테라젠이텍스
200708039,포리스탈정(트리메부틴말레산염),명문제약(주)
200708081,덴파사캡슐,동아제약(주)
200708107,디알클리어점안액(카르복시메틸셀룰로오스나트륨)(1회용),삼천당제약(주)
200708277,포스펜탑첩부제(펠비낙),대화제약(주)
200708723,제이스카겔,(주)비보존제약
200708954,눈모아연질캡슐,(주)아이월드제약
200708955,케토진첩부제(케토프로펜),(주)텔콘알에프제약
200708968,덴드로프-쿨액(시클로피록스올아민),신신제약(주)
200709062,노콜레스연질캡슐,조아제약(주)
200709256,알파클로닉신리신정,알파제약(주)
200709423,"케논엘플라스타(케토프로펜)[수출명:케논-엘(Kenon-L),케토덤-엘(Ketoderm-L),케노덤(Kenoderm),페노덤(Fenoderm),케이트란스(Ketrans),케토플라스트-엘(Ketoplast-L)]",아이큐어(주)
200709544,임팩타민정,(주)대웅제약
200709598,큐앤큐포비돈탈지면볼(중)(포비돈요오드),큐앤큐팜(주)
200709642,한방파프탑카타플라스마,(주)티디에스팜
200709806,아이플러스연질캡슐,명문제약(주)
200709833,"록소나카타플라스마(록소프로펜나트륨수화물)
",대화제약(주)
200709834,록소케어카타플라스마(록소프로펜나트륨),일양약품(주)
200709861,엠티정,명문제약(주)
200709913,제스판골드정,(주)종근당
200709963,케펨플라스타(케토프로펜),(주)종근당
200709964,발무드겔(테르비나핀),(주)동구바이오제약
200710117,메디녹실액5%(미녹시딜),(주)동구바이오제약
200710124,파워아민연질캡슐,일양약품(주)
200710167,아이비즈연질캡슐,신일제약(주)
200710369,아이팜골드연질캡슐,(주)씨엠지제약
200710427,콜스탑연질캡슐,(주)알피바이오
200710519,유라덤크림(우레아),신신제약(주)
200710625,라미실원스외용액(테르비나핀염산염),지피테라퓨틱스코리아주식회사
200710724,"케토핀프리점안액(케토티펜푸마르산염)(1회용)(수출명:다티펜점안액), 케토핀프리점안액(케토티펜푸마르산염)(수출명:다티펜점안액)",(주)옵투스제약
200710762,"눈앤점안액0.5%(카르복시메틸셀룰로오스나트륨)(1회용), 눈앤점안액0.5%(카르복시메틸셀룰로오스나트륨)",한미약품(주)
200710782,탁센연질캡슐(나프록센),(주)녹십자
200710817,맥시부펜이알정300밀리그램(덱시부프로펜) ,한미약품(주)
200710841,맥스클리어점안액(카르복시메틸셀룰로오스나트륨)(1회용),한림제약(주)
200710962,한방신보감고카타플라스마,대화제약(주)
200711079,"케노펜쿨링카타플라스마
(케토프로펜)",일동제약(주)
200711294,아이미루40이엑스점안액,라이온코리아주식회사
200711295,아이미루콘택트퓨어점안액,라이온코리아주식회사
200711408,청수고카타플라스마,원광제약(주)
200711759,맨담한방고카타플라스마,(주)보령
200711800,박트란연고(무피로신),(주)퍼슨
200711818,스카덤겔,신신제약(주)
200711893,바이오콘연질캡슐,(주)동구바이오제약
200712151,맥스카인9.6%겔(리도카인),주식회사제뉴원사이언스
200712325,포리그론연질캡슐,유니메드제약(주)
200712375,메디다제정,조아제약(주)
200712401,아락실큐정,부광약품(주)
200712879,무조라실크림(테르비나핀염산염),일동제약(주)
200712998,마이녹실겔5%(미녹시딜),현대약품(주)
200713004,제이웰라민연질캡슐,(주)비보존제약
200713060,자하생력액,경남제약(주)
200713171,엘큐정(엘카르니틴),(주)서울제약
200713296,위엔젤정,제이더블유중외제약(주)
200713744,제놀한방카타플라스마,(주)녹십자
200713754,큐앤큐포비돈탈지면볼(소),큐앤큐팜(주)
200713763,포비돈브러쉬액(포비돈요오드),구미제약(주)
200800170,벤트플라겔,태극제약(주)
200800176,모아리스점안액,태극제약(주)
200800196,모아쿨점안액,태극제약(주)
200800378,큐앤큐바셀린윤나거즈,큐앤큐팜(주)
200800438,마플러스나잘스프레이,(주)유한양행
200800687,마이보라정,동아제약(주)
200800688,미니보라30,동아제약(주)
200801004,엠피록스액(시클로피록스올아민),맥널티제약(주)
200801021,아로민필름코팅정,일동제약(주)
200801080,알바콤정(알벤다졸),일양약품(주)
200801346,구미헥시크린에이액(글루콘산클로르헥시딘액),구미제약(주)
200801347,구미히비크린에이액(글루콘산클로르헥시딘액),구미제약(주)
200801383,네오칼디정,주식회사제뉴원사이언스
200801407,디알프레쉬점안액(카르복시메틸셀룰로오스나트륨)(1회용),(주)옵투스제약
200801645,개비스콘더블액션현탁액,(유)옥시레킷벤키저
200801686,구바파정,(주)아이월드제약
200801734,아실로크림,(주)넥스팜코리아
200801735,네오탄연고,정우신약(주)
200801836,페릭신정(클로닉신리시네이트),명문제약(주)
200801957,바로비크림(아시클로버),동성제약(주)
200802213,비타비백정,(주)유한양행
200802243,맨담케토쿨카타플라스마(케토프로펜),(주)보령
200802314,골드타민연질캡슐,(주)서흥
200802513,라이켄캡슐500mg(바실루스리케니포르미스균),(주)한국비엠아이
200802547,예스비타연질캡슐,(주)테라젠이텍스
200802686,버물리키드크림,현대약품(주)
200802742,터비뉴겔(테르비나핀),동아제약(주)
200802773,디카맥스디정,(주)다림바이오텍
200802778,노스엣액(염화알루미늄),신신제약(주)
200802864,디카맥스디플러스정,(주)다림바이오텍
200802919,헤카인크림(리도카인),동성제약(주)
200802921,훼리폴캡슐,아이큐어(주)
200802981,리만50000엠겔,(주)한국팜비오
200803250,"원타임프레쉬점안액(카르복시메틸셀룰로오스나트륨)(1회용), 원타임프레쉬점안액(카르복시메틸셀룰로오스나트륨)",유니메드제약(주)
200803254,카필러스캡슐,동아제약(주)
200803287,나프졸크림(나프티핀염산염),태극제약(주)
200803434,기스톱정(세티리진염산염),(주)아이월드제약
200803538,제일파프케이카타플라스마(케토프로펜),제일헬스사이언스(주)
200803561,파워씨연질캡슐,알파제약(주)
200803879,"맥코프시럽(딸기향, 바나나향)",맥널티제약(주)
200804227,카필러스액5%(미녹시딜),동아제약(주)
200804447,아미노포르테정,(주)한풍제약
200804589,아프타치정(트리암시놀론아세토니드),동화약품(주)
200805092,바이스탑캡슐,신일제약(주)
200805218,키페낙에스첩부제(플루르비프로펜),코스맥스파마(주)
200805424,시프겔한방파프카타플라스마,아이큐어(주)
200805766,위스타산,(주)아이월드제약
200805785,제이티펜점안액(케토티펜푸마르산염),이연제약(주)
200805926,엑스프리벤정,(주)다림바이오텍
200806190,씨콜드플러스코프정,(주)대웅제약
200806191,씨콜드플러스정,(주)대웅제약
200806192,씨콜드플러스노즈정,(주)대웅제약
200806356,록센플라스타(록소프로펜나트륨수화물)(수출명: Loxen Plaster),아이큐어(주)
200806365,알러딘정(펙소페나딘염산염),(주)휴온스
200806461,"아이리스플러스점안액(1회용), 아이리스플러스점안액",삼천당제약(주)
200806462,콜콜코프캡슐,조아제약(주)
200806541,엘-크라넬알파액0.025%(알파트라디올),갈더마코리아(주)
200806637,액티콤연질캡슐,(주)유한양행
200806776,속콜큐어캡슐,일양약품(주)
200806797,조인트빅300연질캡슐,(주)동구바이오제약
200806856,조인콘사민연질캡슐,(주)테라젠이텍스
200806857,콘드로빅300연질캡슐,(주)동구바이오제약
200806882,한방파프바로한방고카타플라스마,(주)티디에스팜
200806961,맥덴타에프캡슐,맥널티제약(주)
200807058,알싹정(알벤다졸),(주)한국파비스제약
200807207,멜리안정,동아제약(주)
200807223,스토프정,(주)아이월드제약
200807239,아마프로겔3%(케토프로펜),(주)씨엠지제약
200807251,테라플루데이타임건조시럽,헤일리온코리아주식회사
200807310,슬리펠정25밀리그램(디펜히드라민염산염),한미약품(주)
200807312,마메이드정,대한뉴팜(주)
200807357,테라플루나이트타임건조시럽,헤일리온코리아주식회사
200807582,코딜로드정,(주)아이월드제약
200807607,버래물액,신신제약(주)
200807721,헤모렌캡슐,(주)서흥
200807882,디펙타민연질캡슐(디펜히드라민염산염),(주)알피바이오
200807945,에버칼정,(주)팜젠사이언스
200808028,단자민정(디펜히드라민염산염),고려제약(주)
200808096,가네탑골드연질캡슐,일양약품(주)
200808194,액티브큐텐연질캡슐,(주)씨엠지제약
200808195,멀티아민정,(주)마더스제약
200808304,노펜스트롱카타플라스마(케토프로펜),제이더블유중외제약(주)
200808462,덱시원연질캡슐(덱시부프로펜),한국코러스(주)
200808511,랑스씨씨정,동성제약(주)
200808550,노펜한방파프카타플라스마,제이더블유중외제약(주)
200808555,리버스액,(주)마더스제약
200808755,마노엘정,대한뉴팜(주)
200808774,덴플러스포르테캡슐,(주)테라젠이텍스
200808862,장비오캡슐(바실루스리케니포르미스균),(주)씨티씨바이오
200809185,헤파플러스연질캡슐,(주)테라젠이텍스
200809204,구아내정,(주)한풍제약
200809274,덱시부펜연질캡슐(덱시부프로펜),제일헬스사이언스(주)
200809293,새사래첩부제(퓨시드산나트륨),신신제약(주)
200809299,"티어클린점안액(순-1회용), 티어클린점안액(순), 티어클린점안액(쿨-1회용), 티어클린점안액(쿨), 티어클린점안액(쿨하이)",한림제약(주)
200809301,헤몰빈큐플러스캡슐,태극제약(주)
200809325,베나치오액,동아제약(주)
200809417,록펜텍카타플라스마(록소프로펜나트륨수화물),(주)티디에스팜
200809617,헤파파워액,(주)씨엠지제약
200809695,한방장수고카타플라스마,대화제약(주)
200809786,디카틴정(엘카르니틴),대한뉴팜(주)
200809810,헬씨큐플러스연질캡슐,신일제약(주)
200809924,베아비오캡슐(바실루스리케니포르미스균),대웅바이오(주)
200809992,리도칸크림(리도카인),대한뉴팜(주)
200810573,덱스파놀연고(D-판테놀),태극제약(주)
200810584,볼두민캡슐,제이더블유중외제약(주)
200810658,에페린플러스정,경남제약(주)
200810700,펜잘큐정,(주)종근당
200810766,엘카탄정(엘카르니틴),경남제약(주)
200810809,"베비맥시럽(딸기향,포도향)",맥널티제약(주)
200810828,콘티아민연질캡슐,(주)에이프로젠바이오로직스
200810888,에스엠크림9.6%(리도카인),(주)셀비온
200810910,리버베타액,(주)에이프로젠바이오로직스
200810951,엘카리나정(엘카르니틴),에스에스팜(주)
200810996,에이올정,알보젠코리아(주)
200810999,"콜맥에스시럽(딸기향,포도향)",맥널티제약(주)
200811050,데오란트액(염화알루미늄수화물),태극제약(주)
200811058,바이코비정,(주)한국파비스제약
200811061,액티프롤정,태극제약(주)
200811147,모스쿨액,경남제약(주)
200811364,임팩타민파워정,(주)대웅제약
200811440,마이딜액3%(미녹시딜),제이더블유신약(주)
200811495,록소나첩부제(록소프로펜나트륨수화물),대화제약(주)
200811530,센파워민정,(주)동구바이오제약
200811665,조인스탑연질캡슐,알리코제약(주)
200811790,풀케어 네일라카 (시클로피록스),한국메나리니(주)
200811798,알부테크연질캡슐,오스틴제약(주)
200811885,덴트큐캡슐,코오롱제약(주)
200811904,틴클점안액,유니메드제약(주)
200900041,덱시엔연질캡슐(덱시부프로펜),에스케이케미칼(주)
200900207,세티스정(세티리진염산염),한솔신약(주)
200900606,제니텔정(알벤다졸),(주)테라젠이텍스
200900682,굿스펜연질캡슐(덱시부프로펜),광동제약(주)
200900740,뮤코펙트정(암브록솔염산염),오펠라헬스케어코리아(주)
200900833,마이칼디정,명문제약(주)
200901086,그린헥시디놀액,(주)그린제약
200901117,물리나겔,에이치엘비제약(주)
200901146,뉴클로정(클로닉신리시네이트),한솔신약(주)
200901147,아이비에프정(이부프로펜),한솔신약(주)
200901148,엔에이피정(나프록센나트륨),한솔신약(주)
200901181,부스코판당의정(부틸스코폴라민브롬화물),오펠라헬스케어코리아(주)
200901231,알파우루사연질캡슐,대웅바이오(주)
200901232,코엔드에프캡슐,(주)마더스제약
200901257,부스코판플러스정,오펠라헬스케어코리아(주)
200901276,써버쿨키드크림,(주)녹십자
200901319,젠타졸정(알벤다졸),(주)씨엠지제약
200901321,비시드에프정,오스틴제약(주)
200901402,속크린산,한솔신약(주)
200901517,"맥펜시럽(이부프로펜)(새콤한오렌지맛,감귤향)",맥널티제약(주)
200901619,알룬정,(주)휴온스
200901620,미니메이드정(수출용),(주)넥스팜코리아
200901683,큐앤큐포비돈요오드탈지면볼(대),큐앤큐팜(주)
200901684,큐앤큐포비돈요오드스크랍(대),큐앤큐팜(주)
200901703,아토미겔,대화제약(주)
200901738,티어실원스외용액(테르비나핀염산염),삼일제약(주)
200901761,아이클리어점안액,화일약품(주)
200901795,메디파프쿨카타플라스마(펠비낙),조아제약(주)
200901818,리버플란연질캡슐,(주)서흥
200901934,엘탑정(엘카르니틴),(주)마더스제약
200901979,제뉴원이부펜시럽(이부프로펜),주식회사제뉴원사이언스
200902108,다이제스토정,화일약품(주)
200902301,그날엔정,경동제약(주)
200902331,베베락스액,(주)퍼슨
200902364,이프렌에스연질캡슐(덱시부프로펜),삼진제약(주)
200902395,우르스정,(주)에이프로젠바이오로직스
200902450,메가토스씨정,태극제약(주)
200902499,위드원엘과립,시믹씨엠오코리아(주)
200902501,알보큐액(폴리크레줄렌액50%),(주)퍼슨
200902556,판코타제정,태극제약(주)
200902679,로토씨큐브아쿠아차지아이점안액,(주)보령
200902769,그린노즈에스캡슐,맥널티제약(주)
200902884,이젠이캡슐,경진제약(주)
200902891,득생장수고,(주)오현파마코푸레이션 
200902909,모드나캡슐,초당약품공업(주)
200902984,한솔아시클로버크림,한솔신약(주)
200902986,노바론크림(테르비나핀염산염),한솔신약(주)
200902987,쎄레톤크림,한솔신약(주)
200903043,리버파워포르테연질캡슐,아이큐어(주)
200903081,유닉신정(클로닉신리시네이트),태극제약(주)
200903210,헤파피스연질캡슐,(주)에이프로젠바이오로직스
200903224,아로마에프캡슐,태극제약(주)
200903392,제로민연질캡슐(디펜히드라민염산염),한솔신약(주)
200903482,릴리펜덱시연질캡슐(덱시부프로펜),(주)동구바이오제약
200903570,케어번연고(구아야줄렌),(주)한국파비스제약
200903577,테르비쿨크림,신일제약(주)
200903579,카이로정,한솔신약(주)
200903668,에스빈연질캡슐(덱시부프로펜),한솔신약(주)
200903669,테르비플러스크림,신일제약(주)
200903737,쿨드림연질캡슐(디펜히드라민염산염),(주)녹십자
200903775,베아틴정,하나제약(주)
200903813,지르세틴액(세티리진염산염),태극제약(주)
200903837,마이녹실에스캡슐,현대약품(주)
200903840,파워스탑플러스카타플라스마(플루르비프로펜),경남제약(주)
200903935,활비에이캡슐,조아제약(주)
200903962,재우스오라쿠고에이취플라스타(살리실산),(주)재우스팜
200903973,마데카솔케어연고,동국제약(주)
200904003,덴타칸캡슐,(주)넥스팜코리아
200904073,알벤프리졸정(알벤다졸),(주)한풍제약
200904082,로노펜300연질캡슐(덱시부프로펜),태극제약(주)
200904159,마이파워정,화일약품(주)
200904182,나노민연질캡슐,한솔신약(주)
200904196,드라이문트겔,동아제약(주)
200904207,파베린정,(주)바스칸바이오제약
200904269,시크린소프트 점안액,조아제약(주)
200904325,아미포틴정,아이큐어(주)
200904353,경남비타민씨정,경남제약(주)
200904391,핑크프로캡슐,(주)한국파비스제약
200904427,아이톡씨엠씨점안액(카르복시메틸셀룰로오스나트륨)(1회용),광동제약(주)
200904441,프로펜디연질캡슐(덱시부프로펜),(주)서흥
200904507,다이락스-큐정,조아제약(주)
200904516,쥬르택정(세티리진염산염),조아제약(주)
200904519,간모아액,경진제약(주)
200904538,다비움정,제이더블유신약(주)
200904542,아로비타정,오스틴제약(주)
200904547,헵타마인플러스연질캡슐,동방에프티엘(주)
200904579,베로타정,(주)바스칸바이오제약
200904590,토마스연질캡슐,(주)동구바이오제약
200904615,알벤졸정(알벤다졸),삼성제약(주)
200904632,맥시쿨펜연질캡슐(덱시부프로펜),(주)에이프로젠바이오로직스
200904644,콘트라스300연질캡슐,(주)동구바이오제약
200904649,파라스트캡슐,(주)테라젠이텍스
200904666,아르텍연질캡슐10mg(세티리진염산염),(주)알피바이오
200904679,뉴비낙플라스타(펠비낙),(주)티디에스팜
200904689,다이제틴정,알리코제약(주)
200904697,리버텍트골드연질캡슐,한국코러스(주)
200904724,젠탈정,(주)셀릭스
200904736,엔비100정,알리코제약(주)
200904757,"데일리큐점안액,데일리큐점안액(1회용)",한림제약(주)
200904777,트라부틴정(트리메부틴말레산염),경남제약(주)
200904822,노스엣 센스액(염화알루미늄),신신제약(주)
200904846,익수알벤졸정(알벤다졸),익수제약(주)
200904855,아스테란캡슐(아세틸시스테인),주식회사제뉴원사이언스
200904880,멜린씨정,(주)테라젠이텍스
200904881,페인엔젤-프로연질캡슐(덱시부프로펜),제이더블유중외제약(주)
200904932,암씨롱큐정,동아제약(주)
200904958,티로케어겔(티로트리신),고려제약(주)
200905004,아민파워정,(주)제뉴파마
200905010,이튼튼캡슐,정우신약(주)
200905015,신신아시클로버크림(아시클로버),신신제약(주)
200905017,이탄탄플러스캡슐,(주)마더스제약
200905018,코스펜정,한미약품(주)
200905055,디퓨텐연질캡슐(덱시부프로펜),동성제약(주)
200905074,케라스트캡슐,맥널티제약(주)
200905098,이튼돌플러스캡슐,알파제약(주)
200905103,루페인플라스타(플루르비프로펜),(주)티디에스팜
200905144,복합유디리버연질캡슐,(주)유한양행
200905163,윈탈정,(주)마더스제약
200905196,프리엔연질캡슐(덱시부프로펜),동국제약(주)
200905228,알드라민정(세티리진염산염),익수제약(주)
200905268,종근당류파프카타플라스마(펠비낙),(주)종근당
200905314,비타제트플러스정,(주)씨엠지제약
200905315,자이펜연질캡슐300mg(덱시부프로펜),(주)일화
200905328,엠마오플러스크림(리도카인),알리코제약(주)
200905351,덱스쿨연질캡슐(덱시부프로펜),일양약품(주)
200905355,씨큐어리버액,경남제약(주)
200905402,다이제스칸정,(주)휴비스트제약
200905403,알세진정10밀리그램(세티리진염산염),(주)휴온스
200905411,칼비타디정,(주)서울제약
200905423,마그롤연질캡슐,(주)서흥
200905482,제일한방파프수에스카타플라스마,제일헬스사이언스(주)
200905490,씨락정,에이치엘비제약(주)
200905544,멕시캄겔(피록시캄),(주)에이프로젠바이오로직스
200905562,토코네슘연질캡슐,동방에프티엘(주)
200905591,판토마그정,경남제약(주)
200905610,캐네펜카타플라스마,신신제약(주)
200905653,알지엔스피드연질캡슐10밀리그램(세티리진염산염),(주)대웅제약
200905677,타미락신연고(크로타미톤),태극제약(주)
200905692,클라리틴정(로라타딘),바이엘코리아(주)
200905706,페스내추럴비강분무액(염화나트륨),(주)한독
200905758,씨트메틴정(트리메부틴말레산염),에이치엘비제약(주)
200905838,메카바액(시트룰린말산염),태극제약(주)
200905903,트레스탄츄정,삼진제약(주)
200905943,알졸타정400mg(알벤다졸),경남제약(주)
200905978,번세이프크림(구아야줄렌),오스틴제약(주)
200906073,트랜미정,(주)아이월드제약
200906231,나자린플러스분무액(염화나트륨),주식회사제뉴원사이언스
200906254,알러샷연질캡슐(세티리진염산염),(주)녹십자
200906256,리버엔에프연질캡슐,(주)서흥
200906270,액티몰스액(시트룰린말산염),(주)한국팜비오
200906281,노스핀캡슐,오스틴제약(주)
200906293,씨티몰액(시트룰린말산염),경남제약(주)
200906301,덴탑플러스캡슐,(주)한풍제약
200906330,그날엔큐정,경동제약(주)
200906384,케라민캡슐,동성제약(주)
200906476,비거스액(시트룰린말산염),(주)넥스팜코리아
200906478,둘코락스에스장용정,오펠라헬스케어코리아(주)
200906484,보령바이오아스트릭스캡슐100밀리그램(아스피린장용과립),(주)보령바이오파마
200906642,더마화이트정,현대약품(주)
200906877,"스트렙실허니앤레몬트로키(플루르비프로펜), 스트렙실오렌지트로키(플루르비프로펜)",(유)옥시레킷벤키저
200906982,디펜플라스타(디클로페낙나트륨),신일제약(주)
200907021,프리미움리도센크림(리도카인),(주)티디에스팜
200907060,미니온플라스타,시믹씨엠오코리아(주)
200907667,수렌유환,(주)아이월드제약
200907725,비스칸엔캡슐(바실루스리케니포르미스균),(주)바이넥스
200907818,씨엔큐플러스연질캡슐,동아제약(주)
200907902,엘라스에이액(트록세루틴),조아제약(주)
200907915,노자임캡슐10000(판크레아틴장용성제피미세정),(주)한국팜비오
200908059,광동파워센액(시트룰린말산염),광동제약(주)
200908116,케라시딜캡슐,(주)마더스제약
200908760,마이크로실드2액(클로르헥시딘글루콘산염),(주)한국유니팜
200908828,카밀레쿨점안액,국제약품(주)
200908953,셀레트론플러스연질캡슐,(주)테라젠이텍스
201000163,본에존연질캡슐,신일제약(주)
201000406,원더칼-디츄어블정,(주)종근당
201000953,애니펜시럽(덱시부프로펜),안국약품(주)
201001201,카엘정,조아제약(주)
201001573,비타큐텐에프정,알리코제약(주)
201001784,비트리모정,조아제약(주)
201001804,프리비정,한미약품(주)
201002100,코큐비타엠정,아이큐어(주)
201003043,토코엔지연질캡슐,일양바이오팜(주)
201003177,엑소덤패취(니코틴)(수출명:Exoderm),아이큐어(주)
201003178,니코프리패취(니코틴),(주)대웅제약
201003453,레녹스카타플라스마(록소프로펜나트륨수화물),일동제약(주)
201003571,로얄비타연질캡슐,(주)동구바이오제약
201003954,하드코프캡슐,명문제약(주)
201003955,헬씨민큐연질캡슐,(주)동구바이오제약
201003989,파워콜에스연질캡슐,동화약품(주)
201004044,파워톤연질캡슐,(주)동구바이오제약
201004587,애드민정,(주)한국피엠지제약
201005606,키즈부펜시럽(덱시부프로펜),(주)유유제약
201005692,소니펜시럽(덱시부프로펜),제이더블유신약(주)
201005694,덱시탑시럽(덱시부프로펜),건일제약(주)
201005697,맥스프로시럽(덱시부프로펜),일성아이에스(주)
201005753,맥시펜시럽(덱시부프로펜),진양제약(주)
201005773,디큐펜프로연질캡슐(이부프로펜),(주)알피바이오
201005795,닥스펜시럽(덱시부프로펜),(주)바이넥스
201005800,코코페디시럽(덱시부프로펜),삼아제약(주)
201006075,판시딜캡슐,동국제약(주)
201006493,하이아이프레쉬점안액(카르복시메틸셀룰로오스나트륨)(1회용),(주)휴온스
201006494,덱시부시럽(덱시부프로펜),(주)팜젠사이언스
201006534,화일알벤다졸정,화일약품(주)
201006555,맥스케어알파정,신일제약(주)
201006807,마이어스콕골드정,광동제약(주)
201006814,안티푸라민파프카타플라스마(플루르비프로펜),(주)유한양행
201006869,아이티어플러스점안액,신일제약(주)
201006886,키드칼골드추어블정,(주)한풍제약
201006974,비오플250산(사카로마이세스보울라르디균),건일제약(주)
201007193,이지목플러스씨캡슐,(주)한풍제약
201007309,파워본연질캡슐,(주)에이프로젠바이오로직스
201007341,오메코프에스캡슐,(주)에이프로젠바이오로직스
201007524,본엔디연질캡슐,일양약품(주)
201100034,판시딜액5%(미녹시딜),동국제약(주)
201100266,올비틸아이시럽,영진약품(주)
201100502,터논연질캡슐(덱시부프로펜),(주)종근당
201100657,아르기닌베이론액(L-아르기닌염산염),(주)제뉴파마
201101004,칼트레이트디400,헤일리온코리아주식회사
201101014,칼디업츄어블정,(주)휴온스
201101292,테라플루콜드앤코프나이트타임건조시럽,헤일리온코리아주식회사
201101293,테라플루콜드앤코프데이타임건조시럽,헤일리온코리아주식회사
201101451,알부골드연질캡슐,(주)에이프로젠바이오로직스
201101771,옵트클린점안액,명문제약(주)
201101837,아이뉴점안액,명문제약(주)
201101838,아이원점안액,명문제약(주)
201101902,시네프린나잘액0.5%(페닐레프린염산염),태극제약(주)
201102036,둥근머리버물리겔,현대약품(주)
201102069,미로틱필름코팅정,조아제약(주)
201102450,임팩타민프리미엄정,(주)대웅제약
201102482,쎄라투연질캡슐,(주)에이프로젠바이오로직스
201102543,콘비400정,(주)마더스제약
201102618,미리콜연질캡슐,(주)알피바이오
201103116,뉴콘틴연질캡슐,정우신약(주)
201103151,신한방화콜캡슐,제이더블유중외제약(주)
201103356,하노백플러스정,동아제약(주)
201103366,한솔이부프로펜연질캡슐,한솔신약(주)
201103627,미그펜400연질캡슐(이부프로펜),(주)알피바이오
201103628,스피딕400연질캡슐(이부프로펜),광동제약(주)
201103677,속콜코프엘연질캡슐,일양약품(주)
201103683,속콜플러스연질캡슐,일양약품(주)
201103782,제로콜연질캡슐,(주)알피바이오
201103942,물린디키드크림,신신제약(주)
201104019,아웃콜코정,정우신약(주)
201104267,스피콜드연질캡슐,(주)알피바이오
201104297,니코레트인비지패취(니코틴),켄뷰코리아판매유한회사
201104309,플라도반액,일동제약(주)
201104314,아웃콜목골드캡슐,정우신약(주)
201104359,스카풀라정,동아제약(주)
201104519,목기천연질캡슐,(주)알피바이오
201104602,큐라스텐액(시트룰린말산염),대원제약(주)
201104795,키즈하이츄어블정,(주)한풍제약
201105016,브레핀에스연질캡슐(이부프로펜),제이더블유중외제약(주)
201105106,액티큐정,알보젠코리아(주)
201105149,메가클린연질캡슐,명문제약(주)
201105150,클린파워연질캡슐,명문제약(주)
201105482,아이투오미니점안액(카르복시메틸셀룰로오스나트륨)(1회용),삼일제약(주)
201105515,멜라노사크림(히드로퀴논),동아제약(주)
201105817,프리미어평위천액,광동제약(주)
201105913,뉴이라쎈액,(주)테라젠이텍스
201106789,폴엔정(폴산),신일제약(주)
201107084,맥스프로펜시럽(덱시부프로펜),(주)테라젠이텍스
201108206,폴리아린에프캡슐,알리코제약(주)
201108893,비바원정,조아제약(주)
201108895,키토실츄어블정,(주)한풍제약
201109442,화콜클래식원연질캡슐,제이더블유중외제약(주)
201109596,더블락캡슐,일양약품(주)
201109654,라니아정,현대약품(주)
201109733,"미놀에프트로키(페퍼민트맛, 오렌지맛, 모과맛, 복숭아맛)",경남제약(주)
201109823,루핑점안액(1회용),현대약품(주)
201109826,메가콘사민-에프연질캡슐,(주)테라젠이텍스
201110120,트리스펜연질캡슐(이부프로펜),동화약품(주)
201110262,아미나엑스정(니코틴산아미드),신일제약(주)
201110342,세라덤크림,신신제약(주)
201110424,본스칼츄어블정,조아제약(주)
201110516,덱시푸루펜연질캡슐(덱시부프로펜),영진약품(주)
201110563,폴시드정0.4밀리그램(폴산),조아제약(주)
201110646,덱스피드연질캡슐(덱시부프로펜),(주)유한양행
201110661,훼리맘큐연질캡슐,광동제약(주)
201110740,안티푸라민쿨카타플라스마(펠비낙),(주)유한양행
201110744,비타미니아정,동화약품(주)
201110747,이부플러스생정,정우신약(주)
201110905,쎈타력액,삼진제약(주)
201112308,바렌굿겔,(주)대웅제약
201200204,비타맥스정,(주)마더스제약
201200641,제이더블유신약리도카인크림9.6%,제이더블유신약(주)
201200715,팩트라민정,알리코제약(주)
201200717,디멘정,(주)바이넥스
201200854,비코그린에스정,코오롱제약(주)
201200930,자임큐텐연질캡슐,(주)아이월드제약
201200989,헥시탄0.5%액(클로르헥시딘글루콘산염액),(주)퍼슨
201201024,에스씨크림(리도카인),(주)시어스제약
201201042,"락티케어에취씨로션2.5%(히드로코르티손)
",(주)한국파마
201201043,락티케어에취씨로션1%(히드로코르티손),(주)한국파마
201201051,삐콤씨이브정,(주)유한양행
201201278,비사진나잘스프레이(덱스판테놀),동아제약(주)
201201484,코앤나잘스프레이,한미약품(주)
201201493,바이오아지니나액(L-아르기닌),(주)엠앤에스그룹
201201680,겔티-포르테연질캡슐,영풍제약(주)
201201967,네로민정,(주)한풍제약
201202397,기가렉스연질캡슐,(주)알피바이오
201202718,포인타민정,삼천당제약(주)
201202780,위제로정,일양약품(주)
201202800,헥시타놀2%액,(주)퍼슨
201202810,케이팜플라스타(플루르비프로펜),명문제약(주)
201202816,쌍패원코프액,정우신약(주)
201202817,쌍패원노즈액,정우신약(주)
201202902,셀비콤연질캡슐,(주)테라젠이텍스
201203128,모드코에스연질캡슐,(주)종근당
201203630,키즈빅골드추어블정,(주)한풍제약
201204330,모드콜에스연질캡슐,(주)종근당
201204333,티나케어점안액,한솔신약(주)
201204389,모드코프에스연질캡슐,(주)종근당
201204582,씨데카론에스점안액,(주)바이넥스
201204675,피엠지폴산정,(주)한국피엠지제약
201204813,인코라민스페셜정,(주)종근당
201205043,고운자임맘정,(주)종근당
201205251,애드민포르테정(콜레칼시페롤과립),(주)한국피엠지제약
201205361,크레온캡슐10000(판크레아스 분말),한국애보트(유)
201205362,크레온캡슐25000(판크레아스 분말),한국애보트(유)
201205364,크레온캡슐40000(판크레아스 분말),한국애보트(유)
201205385,쓰리엠애바가드9274외용액(클로르헥시딘글루콘산염액),주식회사제뉴원사이언스
201205386,쓰리엠애바가드9272외용액(클로르헥시딘글루콘산염액),주식회사제뉴원사이언스
201205447,디카테오1000정,(주)다림바이오텍
201205653,콘티600정,(주)마더스제약
201205790,유트리겔(티로트리신),(주)유유제약
201205838,래피콜데이앤나잇연질캡슐,(주)유한양행
201206056,엑세라민비정,일동제약(주)
201206247,제텐비정,한국코러스(주)
201206250,뮤코테라트로키제(암브록솔염산염),(주)테라젠이텍스
201206327,슈가펜에스정,알보젠코리아(주)
201206328,써모펜에스정,알보젠코리아(주)
201206383,바로소펜연질캡슐(덱시부프로펜),(주)유유제약
201206423,디프람스프레이0.3%(벤지다민염산염),(주)엔엠제약
201206435,플러스디정(콜레칼시페롤농축분말),한올바이오파마(주)
201206479,제로코프연질캡슐,(주)알피바이오
201206484,속편아제정,(주)유유제약
201206493,웰다운에스정,(주)팜젠사이언스
201206499,알게론정500밀리그램(알마게이트),동국제약(주)
201206625,이텍스아스피린장용정100mg(아스피린),(주)테라젠이텍스
201206651,후시덴연고(퓨시드산나트륨),(주)퍼슨
201206670,튜란트시럽(아세틸시스테인),코오롱제약(주)
201206706,센스리베정,광동제약(주)
201206715,챔프시럽(아세트아미노펜),동아제약(주)
201206724,에카린에이정,광동제약(주)
201206766,보감탕코프액,경남제약(주)
201206767,보감탕액,경남제약(주)
201206768,보감탕노즈액,경남제약(주)
201206771,비코실린정,한솔신약(주)
201206820,경보아스피린장용정,(주)경보제약
201206822,노즈케어점비액,부광약품(주)
201206828,벤포메가정,(주)한풍제약
201206834,리도플랜크림(리도카인),(주)동구바이오제약
201206882,파비안에스정,(주)서울제약
201206888,나프졸액1%(나프티핀염산염),태극제약(주)
201206916,슬렌페드씨정,안국약품(주)
201206948,디클로겔(디클로페낙디에틸아민염),알리코제약(주)
201206987,신도톱쿨점안액,국제약품(주)
201206997,삐콤씨정,(주)유한양행
201207054,와이디1000연질캡슐,(주)알피바이오
201207362,로마릴크림(아모롤핀염산염),주식회사제뉴원사이언스
201207377,글로덱시정300mg(덱시부프로펜),(주)킵스바이오파마
201207417,아나피린장용정100밀리그램(아스피린),아주약품(주)
201207692,바이타액트정,일양약품(주)
201208256,알마르정(알마게이트),한국프라임제약(주)
201208281,아스테린정(아스피린),성원애드콕제약(주)
201208419,도담도담츄어블정,일양약품(주)
201208472,리포직이디오점안겔(카보머),(주)바슈헬스코리아
201208853,페르빈카타플라스마(펠비낙),명문제약(주)
201209481,아이미루40이엑스골드점안액,라이온코리아주식회사
201209553,장쾌락시럽(락툴로오스농축액),한미약품(주)
201210143,세네풀에스액,(주)퍼슨
201210185,비타포린정,(주)마더스제약
201210591,에이에스피장용정100mg(아스피린),(주)파마킹
201211096,포탈락산(락티톨수화물),(주)유한양행
201211097,듀락칸이지시럽(락툴로오즈농축액),제이더블유중외제약(주)
201211564,삼익아스피린장용정,삼익제약(주)
201300034,화이투벤큐노즈연질캡슐,동화약품(주)
201300035,화이투벤큐코프연질캡슐,동화약품(주)
201300036,화이투벤큐연질캡슐,동화약품(주)
201300037,레드코프에프연질캡슐,(주)알피바이오
201300045,화이투벤씨플러스캡슐,동화약품(주)
201300051,아스텍트정(아스피린),(주)동구바이오제약
201300116,이브큐레이디연질캡슐,(주)알피바이오
201300902,헥시-알액2%,(주)휴온스메디텍
201301235,파인펜정,경남제약(주)
201301364,제로바액,주식회사제뉴원사이언스
201301377,유니온아스피린장용정,한국유니온제약(주)
201301493,에이프록센연질캡슐(나프록센),(주)서흥
201301591,이지엔6이브연질캡슐,(주)대웅제약
201301607,옵티어즈점안액,(주)시어스제약
201301656,프라임아스피린장용정100밀리그램,한국프라임제약(주)
201301732,노스카나겔,동아제약(주)
201302260,아카펜에스정,(주)셀릭스
201303263,브로모타제정,알파제약(주)
201303988,빅톤에프연질캡슐,신일제약(주)
201303989,디카엠정,(주)마더스제약
201304069,애시논액(수출용),동아제약(주)
201304742,암브론정30mg(암브록솔염산염),조아제약(주)
201305017,아케인크림(리도카인),시믹씨엠오코리아주식회사
201305220,글루100정(글루타티온(환원형)),(주)동구바이오제약
201305371,뉴트리-비프리미엄정,코오롱제약(주)
201305496,포탈락시럽(락티톨일수화물),(주)텔콘알에프제약
201305834,디프로펜시럽(덱시부프로펜),한국유니온제약(주)
201306109,고칼디정,대화제약(주)
201306112,아스필장용정(아스피린100밀리그람),익수제약(주)
201306123,카메드정,(주)팜젠사이언스
201306132,성광아시클로버크림,(주)퍼슨
201306134,비오플250캡슐(사카로마이세스보울라르디균),건일제약(주)
201306135,비타라민정,(주)팜젠사이언스
201306176,파미딘정(파모티딘),(주)종근당
201306207,아세틸캡슐(아세틸시스테인),오스틴제약(주)
201306277,아스피바장용정(아스피린),(주)바이넥스
201306284,안티푸라민한방카타플라스마,(주)유한양행
201306423,플러비카타플라스마(플루르비프로펜),영진약품(주)
201306443,티어웰점안액0.5%(카르복시메틸셀룰로오스나트륨)(1회용),일동제약(주)
201306491,나쎈연질캡슐(나프록센),신일제약(주)
201306492,캐롤엔연질캡슐(나프록센),일동제약(주)
201306597,하벤콜큐연질캡슐,고려제약(주)
201306847,클리어틴외용액2%(살리실산),(주)한독
201306861,하벤큐연질캡슐,고려제약(주)
201306862,하벤코프큐연질캡슐,고려제약(주)
201306969,메가비콤정,(주)에이프로젠바이오로직스
201307061,린아스장용정(아스피린),알리코제약(주)
201307087,아드린정,(주)일화
201307158,칼트레이트플러스디500정,헤일리온코리아주식회사
201307342,우루큐백정,(주)마더스제약
201307343,물린더겔,(주)퍼슨
201307379,마이믹스정,(주)휴온스
201307452,브렌콜에프연질캡슐,한솔신약(주)
201307464,로시파인겔(피록시캄),(주)퍼슨
201307475,헥시타놀이티2%액,(주)퍼슨
201307682,우루큐백클래식정,(주)마더스제약
201307692,마이케어로션2.5%(히드로코르티손),(주)마더스제약
201307693,마이케어로션1%(히드로코르티손),(주)마더스제약
201307715,피엠트리플크림,경남제약(주)
201307766,경남데일리디츄어블정,경남제약(주)
201307834,글로게이트정(알마게이트),(주)킵스바이오파마
201307879,디나펜플라스타(디클로페낙나트륨),현대약품(주)
201307905,리디펜점안액(케토티펜푸마르산염),(주)휴온스메디텍
201307920,마그비연질캡슐,(주)유한양행
201307928,에이스린장용정(아스피린),(주)한국파비스제약
201307930,노자임캡슐40000(판크레아틴장용성제피펠렛),(주)한국팜비오
201308124,유카인크림(리도카인),(주)유유제약
201308169,콘센비타프리미엄정,일동제약(주)
201308173,마그토닉연질캡슐,(주)동구바이오제약
201308190,유리카에스정,명문제약(주)
201308196,노즈쿨점비액,신일제약(주)
201308209,뉴먼트에이스연질캡슐,제이더블유중외제약(주)
201308277,스웨트롤패드액(글리코피롤레이트),(주)퍼슨
201308292,리도엠크림9.6%(리도카인),(주)마더스제약
201308377,마그셀연질캡슐,(주)에이프로젠바이오로직스
201308385,이부로엔연질캡슐(이부프로펜),에스케이케미칼(주)
201308448,아스피드정(아스피린),(주)일화
201308550,슬림비플러스정,알보젠코리아(주)
201308592,사노바겔(리도카인),명문제약(주)
201308657,한창멸균포비돈스왑스틱,한창메딕
201308676,하이플나프록센정(나프록센나트륨),하이플생명과학(주)
201308922,에스부펜정(덱시부프로펜),삼천당제약(주)
201308924,하원아스피린장용정100mg,(주)하원제약
201308957,세토펜건조시럽(아세트아미노펜),삼아제약(주)
201309038,프틴크림(나프티핀염산염),(주)일화
201309080,코키즈펜시럽(덱시부프로펜),코오롱제약(주)
201309112,경동아스피린장용정,경동제약(주)
201309119,파마아모롤핀네일라카(아모롤핀염산염),(주)한국파마
201309222,화이투벤나잘스프레이0.05%(자일로메타졸린염산염),동화약품(주)
201309223,화이투벤나잘스프레이0.1%(자일로메타졸린염산염)/화이투벤멘톨나잘스프레이0.1%(자일로메타졸린염산염),동화약품(주)
201309247,티로클겔(티로트리신),일동제약(주)
201309340,나오덤크림(구아야줄렌),신신제약(주)
201309356,통에존에스겔(피록시캄),현대약품(주)
201309386,디맥정(농축콜레칼시페롤과립),(주)다림바이오텍
201309431,기감탕코프액,한국신텍스제약(주)
201309432,기감탕노즈액,한국신텍스제약(주)
201309433,기감탕에프액,한국신텍스제약(주)
201309490,디카맥스에브리원정,(주)다림바이오텍
201309546,카페린에스정,(주)에이프로젠바이오로직스
201309579,오메콜에프캡슐,(주)에이프로젠바이오로직스
201309581,하벤유에스캡슐,고려제약(주)
201309585,무조메크림(테르비나핀염산염),(주)퍼슨
201309612,메가트루골드정,(주)유한양행
201309614,히로손로션1%(히드로코르티손),(주)제뉴파마
201309706,알마돈정,태극제약(주)
201309771,락투즈시럽(락툴로오스액),(주)엑세스파마
201309804,리액트프리미엄정,일양약품(주)
201309853,엑스콜코프캡슐,(주)한풍제약
201309882,비나폴로프리미엄정,(주)유유제약
201309887,카르엘정(L-카르니틴),(주)팜젠사이언스
201309963,펜잘8시간이알서방정(아세트아미노펜),(주)종근당
201309996,알마드정(알마게이트),(주)넥스팜코리아
201310091,브이디500아이유정(콜레칼시페롤과립),신일제약(주)
201310133,영일아스피린장용정100mg(아스피린),영일제약(주)
201310207,명문아스피린장용정100mg,명문제약(주)
201310219,지니펜정,(주)마더스제약
201310271,게이트정(알마게이트),오스틴제약(주)
201310281,스피록센연질캡슐(나프록센),광동제약(주)
201310349,넥스핀장용정100mg(아스피린),(주)넥스팜코리아
201310413,카푸린에스정,대한뉴팜(주)
201310498,자이날큐연질캡슐(나프록센),고려제약(주)
201310516,하드칼츄어블이지정,부광약품(주)
201310592,바소피린장용정(아스피린),조아제약(주)
201310681,클리마졸질정(클로트리마졸),에이치엘비제약(주)
201310808,플루비톱카타플라스마(플루르비프로펜),코오롱제약(주)
201310917,액티넘이엑스플러스정,지피테라퓨틱스코리아주식회사
201310950,이지펜연질캡슐(덱시부프로펜),신신제약(주)
201400030,펜다나정,신일제약(주)
201400099,원스타민정,알리코제약(주)
201400114,모비락스산,(주)한국팜비오
201400143,맥스케어프리미엄정,신일제약(주)
201400284,맥스케어베타정,신일제약(주)
201400292,원앤데이후레쉬점안액(1회용),(주)옵투스제약
201400293,캐치콜에스연질캡슐,코오롱제약(주)
201400318,유한아스피린장용정(아스피린),(주)유한양행
201400325,리드콜연질캡슐,(주)알피바이오
201400348,쉐러콜에스연질캡슐,(주)알피바이오
201400349,모아노즈연질캡슐,(주)알피바이오
201400493,유영아스피린장용정100mg,(주)유영제약
201400552,나프틴크림(나프티핀염산염),알리코제약(주)
201400681,해그린캡슐(아세틸시스테인),삼익제약(주)
201400701,알마티정(알마게이트),하나제약(주)
201400729,비스타치정(글루타티온(환원형)),(주)한국파비스제약
201400731,일동펠비낙플라스타,일동제약(주)
201400746,헤모퀸골드엠캡슐,경남제약(주)
201400785,이지다이트에스정,구주제약(주)
201400876,바로스콘더블액션현탁액,영진약품(주)
201400916,겔비스톤현탁액,(주)텔콘알에프제약
201400930,알카파워정,익수제약(주)
201401003,비엠쿨에프캡슐,(주)한풍제약
201401034,욱씬정,(주)마더스제약
201401083,메타리빈나잘워시액(염화나트륨)(수출명:오션나잘액),태극제약(주)
201401095,나에겐연질캡슐(나프록센),(주)마더스제약
201401111,조아티로겔(티로트리신),조아제약(주)
201401143,위제로무당액,일양약품(주)
201401232,팜젠암브록솔염산염정30mg,(주)팜젠사이언스
201401236,디어미정,(주)녹십자
201401248,덱쎈연질캡슐(덱시부프로펜),(주)마더스제약
201401380,무조날쿨크림,한미약품(주)
201401417,라니린에스정,제이더블유신약(주)
201401475,아페린씨정,(주)휴온스
201401484,씨엠지아스피린장용정100mg,(주)씨엠지제약
201401496,도다나겔(티로트리신),동아제약(주)
201401536,에모펜씨정,(주)휴온스메디텍
201401570,비타씬포르테엠정,조아제약(주)
201401592,비트리플정,태극제약(주)
201401660,콜락연질캡슐,(주)유유제약
201401768,비비코에스연질캡슐,(주)알피바이오
201401826,래피콜노즈연질캡슐,(주)유한양행
201401876,미인활명수액,동화약품(주)
201401904,마그엘디연질캡슐,영풍제약(주)
201401934,비맥스골드정,(주)녹십자
201401944,장제로정,일양약품(주)
201401964,베타딘인후스프레이(포비돈요오드),지피테라퓨틱스코리아주식회사
201402003,코르티카로션2.5%(히드로코르티손),(주)메디카코리아
201402028,씨엠지알마게이트정500mg(알마게이트),(주)씨엠지제약
201402033,신감수액,경진제약(주)
201402061,러지피드정,하이플생명과학(주)
201402072,티어하이리프레쉬점안액(카르복시메틸셀룰로오스나트륨)(1회용),(주)휴온스메디텍
201402082,메타리빈액0.1%(자일로메타졸린염산염),태극제약(주)
201402164,비감수액,경진제약(주)
201402165,진감수액,경진제약(주)
201402309,웰다운비정,(주)팜젠사이언스
201402327,티나청포르테점안액,한솔신약(주)
201402338,케어담정,조아제약(주)
201402369,신일겔정,신일제약(주)
201402375,헥스틱스왑액,(주)퍼슨
201402408,로페시콘츄정,한미약품(주)
201402489,프렌즈아이엔젤마일드점안액(카르복시메틸셀룰로오스나트륨)(1회용),제이더블유중외제약(주)
201402579,케어칼디엠정,일동제약(주)
201402653,노루모듀얼액션현탁액,일양약품(주)
201402678,삼진아스피린장용정,삼진제약(주)
201402679,광동프라목신크림(프라목신염산염),광동제약(주)
201402733,알보젠알마게이트정,에스에스팜(주)
201402781,파마시메티콘액,(주)한국파마
201402790,알마로정(알마게이트),(주)팜젠사이언스
201402801,아줄린연고(구아야줄렌),(주)퍼슨
201402825,알마린정(알마게이트),(주)화이트생명과학
201402826,알리겔정(알마게이트),(주)하원제약
201402832,노즈쏙정,일양약품(주)
201402834,이베다정,태극제약(주)
201402946,윌로겔더블액션현탁액,(주)유한양행
201402959,글로아스피린장용정100mg(아스피린),(주)킵스바이오파마
201403018,위엔젤더블액션현탁액,제이더블유중외제약(주)
201403112,위스콘더블액션현탁액,동국제약(주)
201403117,트라제트겔(피록시캄),아이큐어(주)
201403139,클리넬네일라카(아모롤핀염산염),알보젠코리아(주)
201403146,진탁콜캡슐,(주)아이월드제약
201403168,블루카인크림(리도카인),풍림무약(주)
201403174,웰스카인크림(리도카인),(주)한국파비스제약
201403192,일양바이오알마게이트정500밀리그램,일양바이오팜(주)
201403225,속콜기가연질캡슐,일양약품(주)
201403242,마그밀에스정(산화마그네슘),삼남제약(주)
201403291,아이크롬점안액(크로몰린나트륨),신신제약(주)
201403321,일양나프록센나트륨정,일양약품(주)
201403328,쾌락스정,(주)휴온스메디텍
201403359,바이타비정,대한뉴팜(주)
201403363,소니펜정300mg(덱시부프로펜),제이더블유신약(주)
201403380,페인엔젤이부연질캡슐(이부프로펜),제이더블유중외제약(주)
201403389,여우엔연질캡슐(나프록센),코오롱제약(주)
201403390,한솔나프록센연질캡슐,한솔신약(주)
201403391,확펜연질캡슐(나프록센),(주)유한양행
201403429,일양바이오아세틸시스테인캡슐200밀리그램,일양바이오팜(주)
201403431,프로센골드연질캡슐(나프록센),명문제약(주)
201403454,아이티펜점안액(케토티펜푸마르산염),신신제약(주)
201403460,리드펜플러스연질캡슐(덱시부프로펜),명문제약(주)
201403474,경남나프록센연질캡슐,경남제약(주)
201403531,필로젠겔(피록시캄),(주)제뉴파마
201403580,바레겐크림(테르비나핀염산염),(주)마더스제약
201403596,일양바이오아세틸시스테인과립200밀리그램,일양바이오팜(주)
201403601,코리투살에프코프시럽,부광약품(주)
201403633,코리투살노즈시럽,부광약품(주)
201403677,코리투살에프시럽(이부프로펜),부광약품(주)
201403697,아테인캡슐(아세틸시스테인),(주)휴비스트제약
201403721,알마제트정(알마게이트),조아제약(주)
201403739,알마노겐정(알마게이트),(주)테라젠이텍스
201403795,코리투살에프콜드시럽,부광약품(주)
201403877,나리센연질캡슐(나프록센),주식회사제뉴원사이언스
201403893,베타딘드라이파우더스프레이,지피테라퓨틱스코리아주식회사
201403937,안티푸라민더블파워카타플라스마,(주)유한양행
201403938,이든암브록솔염산염정(암브록솔염산염),(주)이든파마
201403991,프리센연질캡슐(나프록센),(주)씨엠지제약
201404024,에시플엔산(바실루스리케니포르미스균),제이더블유신약(주)
201404030,머슬린액(시트룰린말산염),제이더블유중외제약(주)
201404116,알마휴정(알마게이트),(주)휴비스트제약
201404120,조아케어로션1%(히드로코르티손),조아제약(주)
201404125,다나센연질캡슐(나프록센),(주)에이프로젠바이오로직스
201404186,옥시코잘액(옥시메타졸린염산염),일양약품(주)
201404206,로라젠정(로라타딘),(주)셀릭스
201404210,아로마솔크림,(주)팜젠사이언스
201404221,싸이타민정,(주)한독
201404271,디센트에스정,(주)바이넥스
201404287,리포유정,(주)휴비스트제약
201404327,니자드정(니자티딘),(주)이든파마
201404328,광동탕에이액,광동제약(주)
201404331,아파베린정,(주)에이프로젠바이오로직스
201404360,리스토액(시트룰린말산염),(주)텔콘알에프제약
201404363,디판셉틱크림,동아제약(주)
201404364,알피린장용정(아스피린)(수출용),(주)제일제약
201404406,페인엔젤센연질캡슐(나프록센),제이더블유중외제약(주)
201404408,테르미나겔(테르비나핀),이연제약(주)
201404416,이든알마게이트정,(주)이든파마
201404498,한풍제통고카타플라스마,(주)한풍제약
201404613,루비로펜카타플라스마(플루르비프로펜),알리코제약(주)
201404670,비센큐정,(주)마더스제약
201404696,휴비스트아스피린장용정,(주)휴비스트제약
201404702,빅콘에스600정,(주)에이프로젠바이오로직스
201404706,트리멘정(트리메부틴말레산염),(주)이든파마
201404707,뮤코틸캡슐(아세틸시스테인),(주)킵스바이오파마
201404717,아드레큐에이정,(주)마더스제약
201404746,노루모에프내복액,일양약품(주)
201404747,알비코정,(주)마더스제약
201404804,씨티엠액(시트룰린말산염),(주)한국파마
201404806,타바겐겔,동국제약(주)
201404844,앤디락생캡슐(바실루스리케니포르미스균),일양약품(주)
201404850,맥쎈연질캡슐(나프록센),코스맥스파마(주)
201404885,덴퍼스골드캡슐,한국코러스(주)
201404888,로피딘캡슐(로페라미드염산염)(수출용),(주)화이트생명과학
201404892,라미디핀크림(나프티핀염산염),(주)제뉴파마
201405003,아사프장용정100mg(아스피린),(주)제뉴파마
201405014,브록솔정(암브록솔염산염),(주)휴비스트제약
201405042,메이킨큐장용정,명인제약(주)
201405100,오스테인캡슐200밀리그램(아세틸시스테인),(주)오스코리아제약
201405110,마그맥스연질캡슐,동화약품(주)
201405135,올나펜연질캡슐(나프록센),(주)경보제약
201405199,조아아크네겔(가수과산화벤조일)(수출용),조아제약(주)
201405228,쿨스펜겔(피록시캄),신일제약(주)
201405232,맥스디1000연질캡슐,(주)테라젠이텍스
201405263,모이스뷰점안액(트레할로스수화물)(1회용),(주)휴온스
201405279,클리스톤지크림,부광약품(주)
201405280,클리딘에프연고(퓨시드산나트륨),부광약품(주)
201405300,토코탑연질캡슐,한국코러스(주)
201405336,바실페디산(바실루스리케니포르미스균),삼아제약(주)
201405340,한풍콜드액,(주)한풍제약
201405342,한풍노즈액,(주)한풍제약
201405347,폴가정(폴산),(주)마더스제약
201405367,트레신겔(티로트리신),알리코제약(주)
201405373,스킨데일리로션0.5%(히드로코르티손),태극제약(주)
201405439,디소론캡슐(디오스민),주식회사제뉴원사이언스
201405450,트릴로신정,(주)마더스제약
201405454,덴티큐어캡슐,아이큐어(주)
201405457,뮤스타캡슐200mg(아세틸시스테인),일양약품(주)
201405494,일동폴산정1밀리그램,일동제약(주)
201405501,아세란캡슐200밀리그램(아세틸시스테인),(주)화이트생명과학
201405522,맨담듀오임팩카타플라스마,(주)보령
201405529,엔도콜액(시메티콘),(주)한국팜비오
201405539,시트말린액(시트룰린말산염),아이큐어(주)
201405623,에버트린액1g(시트룰린말산염),(주)씨엠지제약
201405635,엑스콜콜드에프캡슐,(주)한풍제약
201405659,테라미플러스크림,초당약품공업(주)
201405690,티트로신겔(티로트리신),태극제약(주)
201405694,시원타조아나잘스프레이(옥시메타졸린염산염),조아제약(주)
201405706,도미다프리미엄정,태극제약(주)
201405755,디제스콘더블액션현탁액(수출용),태극제약(주)
201405771,리쥬비넥스크림(폴리데옥시리보뉴클레오티드나트륨),(주)파마리서치
201405783,제이부틴정(트리메부틴말레산염),태극제약(주)
201405818,비알이부펜시럽(이부프로펜),(주)보령바이오파마
201405909,유실드더블액션현탁액,(주)유유제약
201405939,트레스오릭스포르테캡슐,신일제약(주)
201406047,하이졸크림,(주)마더스제약
201406120,비알덱시펜시럽(덱시부프로펜),(주)보령바이오파마
201406121,싸이타민플러스정,(주)한독
201406134,바리켄산(바실루스리케니포르미스균),일성아이에스(주)
201500001,블루콜엠연질캡슐,(주)알피바이오
201500020,무조무알파에어로솔,신신제약(주)
201500029,스웨클로액(염화알루미늄),광동제약(주)
201500041,티지피파모티딘정10밀리그램,태극제약(주)
201500053,감마마그빅연질캡슐,알파제약(주)
201500100,비알코에이시럽,(주)보령바이오파마
201500121,비알에스락산(바실루스리케니포르미스균),(주)보령바이오파마
201500122,비알에스락캡슐(바실루스리케니포르미스균),(주)보령바이오파마
201500197,키즈앤펜시럽(이부프로펜),광동제약(주)
201500198,치감플러스액,경방신약(주)
201500199,목앤스프레이,한미약품(주)
201500277,엠디카인크림(리도카인),맥널티제약(주)
201500281,디카맥스500/350정,(주)다림바이오텍
201500313,아로나민실버프리미엄정,일동제약(주)
201500314,베노벡스겔,부광약품(주)
201500378,리도라임크림(리도카인),(주)화이트생명과학
201500437,큐케어로션2.5%(히드로코르티손),풍림무약(주)
201500494,디클로메드액0.074%(디클로페낙),코오롱제약(주)
201500632,시클로원스네일라카(시클로피록스),주식회사제뉴원사이언스
201500662,텐다나민캡슐,화일약품(주)
201500673,다펜-큐연질캡슐(이부프로펜),조아제약(주)
201500685,락시러스캡슐(바실루스리케니포르미스균),한국휴텍스제약(주)
201500686,원케어네일라카(시클로피록스),신신제약(주)
201500694,비타콘틴600정,코오롱제약(주)
201500723,뮤테인캡슐(아세틸시스테인),한국코러스(주)
201500736,바실리켄캡슐(바실루스리케니포르미스균),(주)에이프로젠바이오로직스
201500849,한풍코프액,(주)한풍제약
201500858,유한이지케어네일라카(시클로피록스),(주)유한양행
201500859,톱큐어네일라카(시클로피록스),신일제약(주)
201500860,피엠네일라카(시클로피록스),경남제약(주)
201501013,아이톡점안액(트레할로스수화물)(1회용),광동제약(주)
201501029,클리어딘연질캡슐(로라타딘),(주)알피바이오
201501060,바르지오네일라카(시클로피록스),동화약품(주)
201501112,코디톱플라스타(디클로페낙디에틸암모늄),코오롱제약(주)
201501150,헤모포민큐캡슐,(주)동구바이오제약
201501154,와이드케어네일라카(시클로피록스),(주)제뉴파마
201501213,바렌굿네일라카(시클로피록스),(주)대웅제약
201501235,모스쿨키드크림,경남제약(주)
201501249,무조멘액,(주)마더스제약
201501313,베트라겔,(주)제뉴파마
201501315,캐롤디연질캡슐(덱시부프로펜),일동제약(주)
201501348,헤모스민캡슐(디오스민),대화제약(주)
201501386,디페낙겔1%(디클로페낙디에틸암모늄),태극제약(주)
201501446,오프콜드연질캡슐(수출용),한국프라임제약(주)
201501469,바이메틴정150밀리그램(트리메부틴말레산염),(주)테라젠이텍스
201501483,제라타딘정(로라타딘),태극제약(주)
201501488,케라네일캡슐(수출용),(주)제뉴파마
201501557,맥스타민프리미엄정,(주)일화
201501564,엘더킨크림4%(히드로퀴논),맥널티제약(주)
201501578,마리부틴정150mg(트리메부틴말레산염),경방신약(주)
201501592,낙센연질캡슐(나프록센),(주)종근당
201501621,울티클가글액0.12%(클로르헥시딘글루콘산염액),(주)휴온스
201501637,마그벤연질캡슐,동방에프티엘(주)
201501706,치감코프액,경방신약(주)
201501792,로얄플러스크림,에이치엘비제약(주)
201501794,테리나핀크림(테르비나핀염산염),시믹씨엠오코리아주식회사
201501809,베아라제정(수출용),한국코러스(주)
201501814,알킬정(알벤다졸),(주)마더스제약
201501890,가스큐액(시메티콘),주식회사제뉴원사이언스
201501920,푸리덴연고,신신제약(주)
201501926,큐앤큐헥시코올스틱스왑액,큐앤큐팜(주)
201502206,베스티아제정,(주)테라젠이텍스
201502323,비사큐정,태극제약(주)
201502386,덱스트론정300밀리그램(덱시부프로펜),대화제약(주)
201502420,휴니즈아세틸시스테인캡슐200mg,(주)휴온스메디텍
201502441,코리투살에스노즈연질캡슐,부광약품(주)
201502442,코리투살에스코프연질캡슐,부광약품(주)
201502443,코리투살에스콜드연질캡슐,부광약품(주)
201502550,비스타치플러스정(글루타티온(환원형)),(주)한국파비스제약
201502577,뮤스테인캡슐200mg(아세틸시스테인),(주)경보제약
201502752,이부프렌드연질캡슐,부광약품(주)
201502753,이부프렌드프로연질캡슐,부광약품(주)
201502779,무라졸쿨크림,태극제약(주)
201502782,제로프리액(시메티콘),맥널티제약(주)
201502798,덴티드에프캡슐,(주)이든파마
201502813,프리아틸정600mg(아세틸시스테인),(주)팜젠사이언스
201502828,나리스타자일로점비액(자일로메타졸린염산염),삼천당제약(주)
201502862,휴니즈트리메부틴말레산염정,(주)휴온스메디텍
201502890,구루치온정100밀리그램(글루타티온(환원형)),영풍제약(주)
201502905,지아이스피드더블현탁액,부광약품(주)
201502962,덴타나캡슐,원광제약(주)
201502964,뮤코로솔정(암브록솔염산염),태극제약(주)
201502994,비카린엠장용정,(주)마더스제약
201503559,토코토닉연질캡슐,일양약품(주)
201503600,마그엔지연질캡슐,일양바이오팜(주)
201503618,헤모프란크림(프라목신염산염),조아제약(주)
201503763,아티벡스겔(디클로페낙디에틸암모늄),부광약품(주)
201503809,덱시프렌드연질캡슐(덱시부프로펜),부광약품(주)
201503810,엔프렌드연질캡슐(나프록센),부광약품(주)
201503839,메가바이정,부광약품(주)
201503911,튜란트과립200mg(아세틸시스테인),코오롱제약(주)
201503940,뉴로셀텍정,고려제약(주)
201503959,콜대원콜드시럽,대원제약(주)
201504058,프로즌겔,알리코제약(주)
201504059,니코에이껌(니코틴폴라크릴렉스),신일제약(주)
201504166,리안점안액(폴리데옥시리보뉴클레오티드나트륨)(1회용),(주)파마리서치
201504173,리오칸크림(리도카인),대화제약(주)
201504206,아세텔린캡슐(아세틸시스테인),케이엠에스제약(주)
201504224,시크린뷰점안액,조아제약(주)
201504272,파라멜산(L-아스파르트산-L-오르니틴수화물),(주)한국파마
201504711,몽푸로겔,신신제약(주)
201504721,세브론과립(아세틸시스테인),(주)서울제약
201504728,헤파겔액(L-아스파르트산-L-오르니틴),(주)텔콘알에프제약
201504790,파워비타비백정,(주)한풍제약
201504791,메가골드비타정,(주)한풍제약
201504815,비타허브정,(주)한풍제약
201504835,치감노즈액,경방신약(주)
201504861,브레노즈연질캡슐,동방에프티엘(주)
201504877,타세놀정500밀리그램(아세트아미노펜),부광약품(주)
201504879,종근당공파스플라스타,(주)종근당
201504891,안티푸라민코인플라스타,(주)유한양행
201505018,임팩타민파워에이플러스정,(주)대웅제약
201505023,키즈애드츄어블정,부광약품(주)
201505055,스파메드정,고려제약(주)
201505060,록소톱카타플라스마(록소프로펜나트륨수화물),알리코제약(주)
201505072,락토민지캡슐(바실루스리케니포르미스균),영풍제약(주)
201505086,메타겐크림,한국신텍스제약(주)
201505097,그린헥시디놀액2%,(주)그린제약
201505113,코앤쿨나잘스프레이,한미약품(주)
201505123,비오루스캡슐(바실루스리케니포르미스균),삼천당제약(주)
201505153,비오켄캡슐(바실루스리케니포르미스균),(주)넥스팜코리아
201505344,파라멜액(L-아스파르트산-L-오르니틴),(주)한국파마
201505482,모업캡슐,(주)에이프로젠바이오로직스
201505604,바시판포르미캡슐(바실루스리케니포르미스균),조아제약(주)
201505605,바시판포르미산(바실루스리케니포르미스균),조아제약(주)
201505608,레모나씨플러스정,경남제약(주)
201505730,아프니벤큐액(디클로페낙),코오롱제약(주)
201505745,제감콜드캡슐,신일제약(주)
201505821,바로서겔(티로트리신),일양약품(주)
201505910,네일스타네일라카(시클로피록스),부광약품(주)
201505921,엘다인캡슐(에르도스테인),(주)테라젠이텍스
201506002,카네덤플러스크림,에이치엘비제약(주)
201506144,니코에이패취(니코틴),신일제약(주)
201506161,노루모에이스산,일양약품(주)
201506162,노루모에스산,일양약품(주)
201506398,모아탄캡슐,(주)팜젠사이언스
201506465,리버타인액,(주)비보존제약
201506543,휴스크럽,(주)휴온스메디텍
201506547,히드론케어로션2.5%(히드로코르티손),성원애드콕제약(주)
201506557,새로모아캡슐,(주)아리제약
201506617,알보칠콘센트레이트액(폴리크레줄렌),동화약품(주)
201506622,그린헥시딘스틱스왑액,(주)그린제약
201506633,엘리스정(엘카르니틴),(주)휴비스트제약
201506687,오라비텐정,동국제약(주)
201506696,쎌렉스킨지크림,(주)마더스제약
201506728,메가트루포커스정,(주)유한양행
201506754,풀믹신연고,(주)일화
201506815,센티렉스실버어드밴스정,헤일리온코리아주식회사
201506816,센티렉스어드밴스정,헤일리온코리아주식회사
201507025,두두엔액,(주)퍼슨
201507100,펜스톱연질캡슐(덱시부프로펜),고려제약(주)
201507124,노펜미니플라스타,제이더블유중외제약(주)
201507140,"1.포리비돈인후스프레이(포비돈요오드)(바닐라향), 2.포리비돈인후스프레이(포비돈요오드)(청포도향)",태극제약(주)
201507213,무조메원스에프외용액(테르비나핀염산염),(주)퍼슨
201507215,노펜24센카타플라스마(록소프로펜나트륨수화물),제이더블유중외제약(주)
201507217,"1. 포비딘인후스프레이액(포비돈요오드)(바닐라향), 2. 포비딘인후스프레이액(포비돈요오드)(청포도향)",(주)퍼슨
201507229,세티레인캡슐200mg(아세틸시스테인),조아제약(주)
201507235,바르핀쿨크림,동성제약(주)
201507379,순앤로션2.5%(히드로코르티손),주식회사더유제약
201507403,세노비아에프정,(주)한국파비스제약
201507405,젯트콤연질캡슐,(주)테라젠이텍스
201507406,비오루스산(바실루스리케니포르미스균),삼천당제약(주)
201507422,프레스탑연고,태극제약(주)
201507425,"젠스트린트로키(멘톨앤페퍼민트향, 페퍼민트향, 레몬향, 복숭아향)(플루르비프로펜)",신일제약(주)
201507495,모아졸정(알벤다졸),(주)아이월드제약
201507585,마그스연질캡슐,조아제약(주)
201507619,부채표한방파프플러스카타플라스마,동화약품(주)
201507620,비알뮤코캡슐(아세틸시스테인),(주)보령바이오파마
201507631,락토셀캡슐(바실루스리케니포르미스균),(주)중헌제약
201507636,코포나시럽에스,주식회사제뉴원사이언스
201507693,로라딘연질캡슐(로라타딘),한솔신약(주)
201507696,알바스테인캡슐(에르도스테인),한국휴텍스제약(주)
201507722,판그로캡슐,한올바이오파마(주)
201507723,미놀노즈점비액(자일로메타졸린염산염),경남제약(주)
201507724,비알뮤코과립(아세틸시스테인),(주)보령바이오파마
201507744,카미스타드-엔 겔,진양제약(주)
201507762,엑세라민엑소정,일동제약(주)
201507770,아이봉더블유세안액,동아제약(주)
201507771,아이봉씨세안액,동아제약(주)
201507772,유에츄데이앤나이트연질캡슐,(주)유유제약
201507778,생생장캡슐(바실루스리케니포르미스균),(주)팜젠사이언스
201507900,모나에스캡슐,제이더블유신약(주)
201508010,브론펙트캡슐(에르도스테인),삼진제약(주)
201508025,덴큐헬스페이스트,일동제약(주)
201508035,락토딘캡슐,한솔신약(주)
201508135,로마졸질정100mg(클로트리마졸),(주)씨엠지제약
201508139,엘코스텐캡슐(에르도스테인),(주)메디카코리아
201508272,까스앤프리츄정80밀리그램(시메티콘),한미약품(주)
201508281,벤포벨정,(주)종근당
201508320,노펜피록시캄겔(피록시캄),제이더블유중외제약(주)
201508445,기가엔드연질캡슐,동방에프티엘(주)
201508488,콜로덤에스액,고려제약(주)
201508496,파워콘친골드연질캡슐,(주)동구바이오제약
201600079,터비나플러스크림,고려제약(주)
201600173,파자임에어프리츄어블정(시메티콘산),부광약품(주)
201600289,광동리버샷정(수출용),광동제약(주)
201600290,앗센액(L-아스파르트산-L-아르기닌수화물),유니메드제약(주)
201600299,로마릴네일라카(아모롤핀염산염),주식회사제뉴원사이언스
201600358,화콜씨코프연질캡슐,제이더블유중외제약(주)
201600361,에시플엔캡슐(바실루스리케니포르미스균),제이더블유신약(주)
201600366,반질크림(우레아),(주)일화
201600371,라이트콜액(시메티콘),(주)씨엠지제약
201600391,화콜씨노즈연질캡슐,제이더블유중외제약(주)
201600396,아스텍션장용정100밀리그램(아스피린),(주)셀트리온제약
201600431,터비졸쿨크림(수출용),일양약품(주)
201600435,테리나핀쿨크림,시믹씨엠오코리아주식회사
201600445,엘스틴캡슐(에르도스테인),(주)휴온스메디텍
201600490,플로라딘연질캡슐(로라타딘),동화약품(주)
201600528,쿨에버인후스프레이(포비돈요오드),신일제약(주)
201600573,맥시라민에이정,일동제약(주)
201600574,가네진정,(주)셀트리온제약
201600677,모앤캡슐,(주)한국파비스제약
201600731,화콜씨콜드연질캡슐,제이더블유중외제약(주)
201600732,아치온현탁액(피리티온아연),신신제약(주)
201600778,실비도정,(주)한풍제약
201600779,보나링츄어블정,일양약품(주)
201600808,아모롤네일라카(아모롤핀염산염),(주)티디에스팜
201600837,마스클린페이스트(트리암시놀론아세토니드),일양약품(주)
201600864,마그스파워액,조아제약(주)
201600878,판이실캡슐,(주)씨엠지제약
201600934,퓨어릴네일라카(아모롤핀염산염),주식회사더유제약
201600966,티나롤네일라카(아모롤핀염산염),동광제약(주)
201600993,알파콜에프캡슐,오스틴제약(주)
201601056,이지엔6스트롱연질캡슐(나프록센),(주)대웅제약
201601114,롤핀네일라카(아모롤핀염산염),(주)일화
201601174,엘도진캡슐300밀리그램(에르도스테인),(주)화이트생명과학
201601245,엘리도스캡슐(에르도스테인),(주)알피바이오
201601308,디펜동전플라스타,신일제약(주)
201601324,제스탈정,(주)새한제약
201601341,보령아이락비타연질캡슐,(주)보령
201601386,에이치엠씨엔에프산(과탄산나트륨),동아참메드주식회사
201601453,제노타에이캡슐,조아제약(주)
201601470,하벤프레쉬나잘스프레이,고려제약(주)
201601506,엘스타캡슐(에르도스테인),아이큐어(주)
201601522,큐락스정,(주)휴비스트제약
201601543,모키쿨플라스타,대화제약(주)
201601572,아모릴네일라카(아모롤핀염산염),에이치엘비제약(주)
201601581,아나파베정,태극제약(주)
201601614,에스텐캡슐300mg(에르도스테인),대한뉴팜(주)
201601616,보령마그락비타연질캡슐,(주)보령
201601618,베아로반연고(무피로신),한올바이오파마(주)
201601691,마그비감마연질캡슐,(주)유한양행
201601694,스마일오투점안액(1회용),(주)옵투스제약
201601700,슈리머정,(주)휴비스트제약
201601858,비보존에르도스테인캡슐,(주)비보존제약
201601896,에리텐캡슐(에르도스테인),(주)셀트리온제약
201601897,코티손로션2.5%(히드로코르티손),(주)휴비스트제약
201601927,클리어틴이부더블스팟톡크림,지엘파마(주)
201602068,덱스렌정(덱시부프로펜디.씨.),(주)오스코리아제약
201602094,하벤플러스나잘스프레이,고려제약(주)
201602096,엘도라캡슐(에르도스테인),대화제약(주)
201602120,루비돌플러스캡슐,오스틴제약(주)
201602132,잇케어페이스트,조아제약(주)
201602140,토마벤연질캡슐,동방에프티엘(주)
201602181,테라쿨크림,일양바이오팜(주)
201602202,이너솔연고(퓨시드산나트륨),일동제약(주)
201602206,로이코비에스액,고려제약(주)
201602240,아세드린정,(주)씨엠지제약
201602246,클리마일드연고,부광약품(주)
201602301,일양나프티핀염산염크림,일양약품(주)
201602322,에프벡스카타플라스마(록소프로펜나트륨수화물),부광약품(주)
201602323,에프벡스한방카타플라스마,부광약품(주)
201602340,미리놀과립(아세틸시스테인),(주)바이넥스
201602365,아모넬네일라카(아모롤핀염산염),(주)메디카코리아
201602386,롱카인크림(리도카인),(주)에이프로젠바이오로직스
201602401,버물리플라스타,현대약품(주)
201602427,나인나인정,한미약품(주)
201602500,에스린정,(주)휴비스트제약
201602544,비오메틱스캡슐(바실루스리케니포르미스균),구주제약(주)
201602561,바실리포미스캡슐(바실루스리케니포르미스균),(주)테라젠이텍스
201602591,제이릴네일라카(아모롤핀염산염),제이더블유신약(주)
201602592,바실리포미스산(바실루스리케니포르미스균),(주)테라젠이텍스
201602610,락토엔큐캡슐(바실루스리케니포르미스균),대원제약(주)
201602611,락토엔큐산(바실루스리케니포르미스균),대원제약(주)
201602679,뮤코원캡슐(에르도스테인),(주)보령
201602682,메클린구강용해필름25밀리그램(메클리진염산염수화물)(오렌지향),(주)씨티씨바이오
201602683,엘레비트정,바이엘코리아(주)
201602684,엘도민캡슐300밀리그램(에르도스테인),(주)유유제약
201602688,비우미정,(주)씨엠지제약
201602703,탁센400이부프로펜연질캡슐,(주)녹십자
201602706,엘도스인캡슐(에르도스테인),(주)킵스바이오파마
201602714,알러비정(세티리진염산염),태극제약(주)
201602738,뮤코티아캡슐200밀리그램(아세틸시스테인),(주)다산제약
201602741,안티포스연고,시믹씨엠오코리아주식회사
201602871,뉴에르도테캡슐(에르도스테인),안국뉴팜(주)
201602958,제일동전파프플라스타,제일헬스사이언스(주)
201602963,티비엑스자임액(알킬디아미노에틸글리신염산염액),(주)휴온스메디텍
201603039,티어실쿨크림,삼일제약(주)
201603141,트란시노2정,(주)보령
201603171,엘도원캡슐(에르도스테인),(주)텔콘알에프제약
201603208,덴티골드캡슐,(주)바스칸바이오제약
201603223,기가파워연질캡슐,한솔신약(주)
201603262,레티몰액(시트룰린말산염),(주)바스칸바이오제약
201603293,젠빅플러스연질캡슐,(주)종근당
201603301,콜대원콜드에스시럽,대원제약(주)
201603302,콜대원노즈에스시럽,대원제약(주)
201603303,콜대원코프에스시럽,대원제약(주)
201603339,사이프록실액(시클로피록스올아민),(주)나노팜
201603416,아스필로장용정100밀리그램(아스피린),안국약품(주)
201603449,그린노즈에스시럽,(주)녹십자
201603600,멀스토구강용해필름(메클리진염산염수화물),고려제약(주)
201603641,이지고시럽,(주)휴온스
201603768,엑스펜시럽(덱시부프로펜),(주)동구바이오제약
201604175,카르틴엘정(엘카르니틴),삼남제약(주)
201604250,칼본맥스연질캡슐,코스맥스파마(주)
201604278,신신디펜쿨플라스타(디클로페낙나트륨),신신제약(주)
201604350,렉센엔캡슐(디오스민),한림제약(주)
201604351,클리톡외용액2%(살리실산),부광약품(주)
201604385,에스릴네일라카(아모롤핀염산염),(주)서울제약
201604402,챔프이부펜시럽(이부프로펜),동아제약(주)
201604413,마그투연질캡슐,(주)에이프로젠바이오로직스
201604458,제뉴파마한방만통고카타플라스마,(주)제뉴파마
201604460,동성디알클린점안액(카르복시메틸셀룰로오스나트륨)(1회용),동성제약(주)
201604489,멘소래담딥릴리프겔,주식회사제뉴원사이언스
201604578,로시놀더블액션크림,(주)녹십자
201604641,펜싹코연질캡슐,코스맥스파마(주)
201604643,애니메디콘센트레이트액(폴리크레줄렌액50%),경동제약(주)
201604703,알보제로액(폴리크레줄렌액50%),일양약품(주)
201604711,펜싹코프연질캡슐,코스맥스파마(주)
201604720,펜싹콜연질캡슐,코스맥스파마(주)
201604821,제일롱파프플라스타(록소프로펜나트륨수화물),제일헬스사이언스(주)
201604859,가스제로구강필름(시메치콘),(주)씨엘팜
201604876,시카포스겔(카보머),(주)넥스팜코리아
201604889,중헌 알마게이트정,(주)중헌제약
201604895,신폴에이점안액,삼천당제약(주)
201604896,이니포텐액(시트룰린말산염),(주)비보존제약
201604914,덴스트롱캡슐,경방신약(주)
201604917,프리번정,(주)중헌제약
201604969,시크린원점안액,조아제약(주)
201604986,레스타민코와파우더크림,한국코와(주)
201605000,슈가린정,알리코제약(주)
201605007,렘피드캡슐(에르도스테인),(주)마더스제약
201605059,프레시뷰베타점안액,화일약품(주)
201605095,이누쿨인후스프레이액(포비돈요오드),일양바이오팜(주)
201605110,립톡케어액(폴리크레줄렌액50%),부광약품(주)
201605133,마스원큐페이스트(트리암시놀론아세토니드),(주)일화
201605155,헤모락에이캡슐,알리코제약(주)
201605160,제놀하이드로24카타플라스마(록소프로펜나트륨수화물),(주)녹십자
201605325,알두스캡슐(에르도스테인),아주약품(주)
201605326,바로코민골드정,신풍제약(주)
201605433,칼니틴정(엘카르니틴),알리코제약(주)
201605439,제감코프캡슐,신일제약(주)
201605441,메모큐액,고려제약(주)
201605486,비맥스액티브정,(주)녹십자
201605497,비백파워정,알리코제약(주)
201605499,기가제로연질캡슐,코스맥스파마(주)
201605527,나프날크림(나프티핀염산염),풍림무약(주)
201605549,리도아번겔(리도카인),(주)퍼슨
201605578,비타케어에프정,(주)에이프로젠바이오로직스
201605694,맥스디스정,한국코러스(주)
201605724,히트펜정,(주)라이트팜텍
201605943,엘카르닌정(L-카르니틴),(주)씨엠지제약
201605959,신신아렉스로션,신신제약(주)
201605979,케라티모캡슐,정우신약(주)
201606059,로게인5%폼에어로졸(미녹시딜),켄뷰코리아판매유한회사
201606067,더블자임정,에스케이케미칼(주)
201606068,내시콜액(시메티콘),(주)퍼슨
201606139,큐엔디1000연질캡슐,코스맥스파마(주)
201606148,파인싹연질캡슐(클로닉신리시네이트),제일헬스사이언스(주)
201606231,아이수점안액,한림제약(주)
201606245,오케이원스외용액(테르비나핀염산염),조아제약(주)
201606259,더마큐어로션2.5%(히드로코르티손),에이치엘비제약(주)
201606264,크록쎈연질캡슐(클로닉신리시네이트),(주)마더스제약
201606382,페리터치액(폴리크레줄렌액50%),(주)녹십자
201606414,투와이스플러스연질캡슐,동방에프티엘(주)
201606425,오늘비타더블골드정,동아제약(주)
201606430,마미센스정,신일제약(주)
201606463,바이타액트이엑스정,일양약품(주)
201606467,나프젠크림(나프티핀염산염),현대약품(주)
201606492,마그토벤연질캡슐,코스맥스파마(주)
201606516,모아타민골드비백정,(주)한풍제약
201606577,대화산화마그네슘정,대화제약(주)
201606591,큐앤큐헥시코올거즈액,큐앤큐팜(주)
201606592,큐앤큐헥시코올탈지면액,큐앤큐팜(주)
201606593,훼로바맘스케어정,부광약품(주)
201606607,바이타비플러스정,대한뉴팜(주)
201606619,타바자겔,시믹씨엠오코리아주식회사
201606639,더마스킨연고,정우신약(주)
201606648,두피나액,일양약품(주)
201606681,알벤다정(알벤다졸),(주)바스칸바이오제약
201606696,"아이엔젤톡톡점안액(트레할로스수화물)(1회용), 아이엔젤톡톡점안액(트레할로스수화물)",유니메드제약(주)
201606702,라라올라액(L-아스파르트산-L-아르기닌수화물),(주)유한양행
201606714,벌무덴쿨겔,일양약품(주)
201606736,벤포비타100정,(주)넥스팜코리아
201606763,마미즈시럽,(주)퍼슨
201606791,기가프신연질캡슐,(주)에이프로젠바이오로직스
201606811,무조무원스외용액(테르비나핀염산염),신신제약(주)
201606826,치젤연고,동국제약(주)
201606897,이부쎈에프정(이부프로펜아르기닌),(주)마더스제약
201606922,프로부틴정(트리메부틴말레산염),(주)경보제약
201606934,라미핀쿨크림,코오롱제약(주)
201606935,동성에르도스테인캡슐(에르도스테인),동성제약(주)
201607014,하이간액(L-아스파르트산-L-오르니틴),아이큐어(주)
201607019,헤모나민정,(주)마더스제약
201607031,액티나민플러스정,한국휴텍스제약(주)
201607058,비오틴골드정5밀리그램,초당약품공업(주)
201607094,피엠원스외용액(테르비나핀염산염),경남제약(주)
201607103,엔도파액(과아세트산액0.2%),(주)퍼슨
201607113,나프젠액1%(나프티핀염산염),현대약품(주)
201607115,퍼슨쿨링겔,(주)퍼슨
201607126,메디퀵스프레이,(주)마더스제약
201607127,액티넘이엑스골드정,지피테라퓨틱스코리아주식회사
201607131,테라비타연질캡슐,(주)바스칸바이오제약
201607154,크램스탑연질캡슐,코스맥스파마(주)
201607164,유원스외용액(테르비나핀염산염),(주)유유제약
201607229,이부뉴펜연질캡슐(이부프로펜),동방에프티엘(주)
201607230,쏙코에스연질캡슐,(주)에이프로젠바이오로직스
201607393,파워비타연질캡슐,(주)바스칸바이오제약
201607416,유니클린액(염화알루미늄),(주)유유제약
201700107,베노쿨키드크림,(주)유유제약
201700124,이지콜씨플러스캡슐,(주)한풍제약
201700138,쏙콜에스연질캡슐,(주)에이프로젠바이오로직스
201700139,쏙코프에스연질캡슐,(주)에이프로젠바이오로직스
201700144,마그포스감마연질캡슐,코오롱제약(주)
201700225,베노쿨에스액,(주)유유제약
201700245,건아이점안액(폴리소르베이트80)(1회용),유니메드제약(주)
201700254,아니스펜8시간이알서방정(아세트아미노펜),(주)제뉴파마
201700259,애피단정,유니메드제약(주)
201700260,애니피론액(L-아스파르트산-L-아르기닌수화물),(주)제뉴파마
201700293,마그온연질캡슐,(주)대웅제약
201700353,베노터치힐러플라스타,(주)유유제약
201700401,로젠연질캡슐(나프록센),정우신약(주)
201700418,에르테인캡슐(에르도스테인),(주)일화
201700480,삐콤씨액티브정,(주)유한양행
201700500,세다큐코프연질캡슐,경남제약(주)
201700501,세다큐콜드연질캡슐,경남제약(주)
201700502,세다큐노즈연질캡슐,경남제약(주)
201700503,혈앤보알파연질캡슐,경남제약(주)
201700510,메가트루액티브정,(주)유한양행
201700539,모아헬드원정,(주)한풍제약
201700567,유니도스캡슐(에르도스테인),한국유니온제약(주)
201700641,비나플러스연질캡슐,코스맥스파마(주)
201700700,벤포맥스100정,(주)한풍제약
201700722,썬팩타민연질캡슐,(주)대웅제약
201700729,이부로엔에스연질캡슐(이부프로펜),코스맥스파마(주)
201700732,테라젠비타골드정,(주)테라젠이텍스
201700750,헤모큐수정,(주)대웅제약
201700798,퍼스크린액0.12%(클로르헥시딘글루콘산염액),유니메드제약(주)
201700802,람노스캡슐500밀리그램(락토바실루스카제이변종람노수스),한화제약(주)
201700813,노코리즈액(과산화수소수30%),동아참메드주식회사
201700815,히루도이드포르테겔(뮤코폴리사카리드폴리설페이트),디케이에스에이치코리아(주)
201700836,디유비정,(주)휴온스
201700839,가네타인액,동성제약(주)
201700854,레베스정,(주)아이월드제약
201700907,위엔탑정,일양바이오팜(주)
201700909,치아탄캡슐,삼남제약(주)
201701023,마이메가100정,광동제약(주)
201701043,마그넥신연질캡슐,코스맥스파마(주)
201701092,넬케어네일라카(아모롤핀염산염),(주)마더스제약
201701095,광동벤포파워액,광동제약(주)
201701108,엘도프로정(에르도스테인),영진약품(주)
201701117,디터점스울트라액(차아염소산나트륨0.14%),주식회사이엠비제약
201701133,유나모캡슐,(주)바이넥스
201701134,무조라실쿨크림,일동제약(주)
201701138,에뜨비정,(주)휴온스메디텍
201701140,프리스펜연질캡슐(이부프로펜),코스맥스파마(주)
201701158,에페젠정,(주)휴온스메디텍
201701161,엘비타정,(주)휴온스메디텍
201701163,판토시딜캡슐,주식회사제뉴원사이언스
201701182,임팩타민케어정,(주)대웅제약
201701191,이지굿정,동국제약(주)
201701196,임팩셀연질캡슐,코스맥스파마(주)
201701248,나프록소정(나프록센나트륨),오스템파마주식회사
201701257,터비뉴더블액션에어로솔,동아제약(주)
201701269,부로멜장용정(브로멜라인),(주)바이넥스
201701295,파워콘드로600에프정,주식회사 노바엠헬스케어
201701296,슈락스골드장용정,영풍제약(주)
201701300,원기쏘플러스정,주식회사 노바엠헬스케어
201701325,코르텍골드구강붕해필름,(주)씨엘팜
201701347,비타콤보정,(주)테라젠이텍스
201701352,파워본앤킹연질캡슐,(주)에이프로젠바이오로직스
201701380,치센캡슐(디오스민),동국제약(주)
201701383,덱펜정(덱시부프로펜),(주)경보제약
201701416,조인파워연질캡슐,구주제약(주)
201701443,에이클로크림,(주)동구바이오제약
201701571,1.셀레뉴원오랄액(아셀렌산나트륨오수화물) 2.셀큐민185오랄액(아셀렌산나트륨오수화물),(주)한국비엠아이
201701612,노이제로정,태극제약(주)
201701617,임팩마그파워연질캡슐,코스맥스파마(주)
201701734,클로안에스큐점안액,유니메드제약(주)
201701774,모게인정,(주)비보존제약
201701852,복합테르쿨크림,알리코제약(주)
201701882,에르도민캡슐(에르도스테인),동국제약(주)
201701905,조아포인트플라스타,조아제약(주)
201701906,피엠외용액,경남제약(주)
201702015,광동아스피린장용정100mg,광동제약(주)
201702024,치클리덴탈페이스트,아이큐어(주)
201702245,제타프렉스겔,(주)에이치피앤씨
201702265,파워킹연질캡슐,(주)바스칸바이오제약
201702275,콜대원키즈코프시럽,대원제약(주)
201702297,이브터치연질캡슐,일양바이오팜(주)
201702324,코스빌연질캡슐(덱시부프로펜),코스맥스파마(주)
201702434,마이녹실겔3%(미녹시딜),현대약품(주)
201702436,영비원정,영진약품(주)
201702575,오라메칠액(폴리크레줄렌액50%),동국제약(주)
201702594,벌모엔겔,알리코제약(주)
201702647,셀트리온아시클로버크림,(주)셀트리온제약
201702682,킥센연질캡슐(나프록센),지엘파마(주)
201702784,콜대원키즈펜시럽(아세트아미노펜),대원제약(주)
201703045,쿼드케어연고,일양약품(주)
201703064,디카본100정,코스맥스파마(주)
201703065,디카본300정,코스맥스파마(주)
201703066,디카본500정,코스맥스파마(주)
201703175,크린클관류제(염화나트륨),제이더블유생명과학(주)
201703185,유클리어톡외용액(살리실산),(주)유유제약
201703186,제놀코인플라스타,(주)녹십자
201704002,노펜파워핫카타플라스마,제이더블유중외제약(주)
201704017,모바렌캡슐,(주)대웅제약
201704468,디노타시럽,조아제약(주)
201704496,아세릴네일라카 (아모롤핀염산염),알리코제약(주)
201704734,이지톡크림,시믹씨엠오코리아주식회사
201704840,폴레디정(폴산),(주)에이프로젠바이오로직스
201704841,벤스쿨크림,알파제약(주)
201704843,본디칼정,(주)아이월드제약
201704844,본디칼맥스정,(주)아이월드제약
201704845,본디칼플러스정,(주)아이월드제약
201705165,예나젠질용액0.1%(벤지다민염산염),(주)베키오바이오젠
201705176,제놀더블액션카타플라스마,(주)녹십자
201705219,그날엔콜드플러스연질캡슐,경동제약(주)
201705220,그날엔코프플러스연질캡슐,경동제약(주)
201705221,그날엔노즈플러스연질캡슐,경동제약(주)
201705249,마그칼연질캡슐,코스맥스파마(주)
201705251,파워콤프액,경동제약(주)
201705252,투엑스비엠연질캡슐,코스맥스파마(주)
201705256,솔루샷노즈연질캡슐,현대약품(주)
201705257,솔루샷코프연질캡슐,현대약품(주)
201705258,솔루샷쿨연질캡슐,현대약품(주)
201705259,일펜정(이부프로펜리신),일양약품(주)
201705483,아세틴캡슐(아세틸시스테인),아이큐어(주)
201705493,티스탑에프캡슐,(주)시어스제약
201705505,앤티팻정(엘카르니틴),구주제약(주)
201705576,스토마제정,한국신텍스제약(주)
201705636,일성아세트아미노펜정325밀리그램,일성아이에스(주)
201705676,벤포벨브이정,(주)종근당
201705734,푸레파인연고,일동제약(주)
201705764,네오프라신연고,(주)테라젠이텍스
201705788,포스톤지엑스액,초당약품공업(주)
201705793,디카테오400정,(주)다림바이오텍
201706160,위소탈정,(주)에이프로젠바이오로직스
201706174,슬리온겔,(주)종근당
201706199,코메키나캡슐,(주)대웅제약
201706237,보니타정,현대약품(주)
201706350,센스데이정,(주)유한양행
201706380,모아비액티브정,한국코러스(주)
201706382,콘파워600정,(주)한풍제약
201706391,복합테르비나쿨크림,(주)에이프로젠바이오로직스
201706393,룩스씨엠씨점안액(카르복시메틸셀룰로오스나트륨)(1회용),(주)씨엠지제약
201706415,알바트정(알마게이트),(주)바이넥스
201706431,제일케토파워카타플라스마(케토프로펜),제일헬스사이언스(주)
201706432,록소크린플라스타(록소프로펜나트륨수화물),신신제약(주)
201706447,칼디쓰리정,(주)아이월드제약
201706490,마그엠정(알마게이트),(주)마더스제약
201706514,아락실소프트시럽(락툴로오즈농축액),부광약품(주)
201706530,다리아정,한국신텍스제약(주)
201706552,유앤아이프레쉬점안액(카르복시메틸셀룰로오스나트륨)(1회용),(주)유유제약
201706578,콜드샷시럽,(주)팜젠사이언스
201706608,코푸샷시럽,(주)팜젠사이언스
201706656,이알펜8시간서방정(아세트아미노펜),(주)경보제약
201706677,킥코프에프연질캡슐,코스맥스파마(주)
201706678,킥노즈에프연질캡슐,코스맥스파마(주)
201706689,크로니신연질캡슐(클로닉신리시네이트),(주)테라젠이텍스
201706690,듀오그린정,한국신텍스제약(주)
201706691,네오콜캡슐,한국신텍스제약(주)
201706739,엘로인캡슐(에르도스테인),한국코러스(주)
201706740,마그비액티브정,(주)유한양행
201706797,더마칸크림(리도카인),구주제약(주)
201706804,위클린정,삼성제약(주)
201706818,알코타민정,동화약품(주)
201706824,비타빅연질캡슐,(주)테라젠이텍스
201706849,알마펜정(알마게이트),오스템파마주식회사
201706852,터빈쿨플러스크림,경동제약(주)
201706865,에코파워600정,(주)한풍제약
201706882,아스팜장용정(아스피린),한국코러스(주)
201706946,챔프노즈시럽,동아제약(주)
201706955,속크린에스정,한솔신약(주)
201706970,마레오키즈시럽,(주)한풍제약
201706971,한풍제통고온혈플라스타,(주)한풍제약
201706996,안티푸라민액티브롤파스(펠비낙),(주)유한양행
201707027,치아로겔(히알루론산나트륨),동국생명과학(주)
201707030,메가비액티브정,동성제약(주)
201707039,쎄이네슘골드연질캡슐,동방에프티엘(주)
201707149,뮤코베리어액(히알루론산나트륨),(주)한국팜비오
201707150,카네손크림,일양바이오팜(주)
201707159,큐아크네크림,광동제약(주)
201707212,이스탄캡슐(에르도스테인),(주)이든파마
201707227,쎄스콘노아정,지엘파마(주)
201707275,라시베베산(바실루스리케니포르미스균),(주)한국팜비오
201707283,리클란점안액(폴리데옥시리보뉴클레오티드나트륨)(1회용),동국제약(주)
201707302,프리엔에프연질캡슐(나프록센),동국제약(주)
201707304,알마디정(알마게이트),메딕스제약(주)
201707306,트리스펜8시간이알서방정(아세트아미노펜),동화약품(주)
201707307,타미스펜8시간이알서방정(아세트아미노펜),(주)킵스바이오파마
201707322,아이포레점안액(트레할로스수화물)(1회용),(주)녹십자
201707372,아너린정,태극제약(주)
201707373,반테린코와이엑스크림,한국코와(주)
201707395,에너프레쉬액(L-아스파르트산-L-아르기닌수화물),명문제약(주)
201707455,나스타제정,(주)한국파마
201707501,마네카인크림9.6%(리도카인),(주)에이치피앤씨
201707523,이브더블샷연질캡슐,지엘파마(주)
201707524,킥콜연질캡슐,지엘파마(주)
201707533,멜팅에프크림,(주)셀릭스
201707545,맘스폴릭정1000마이크로그램(폴산),(주)동구바이오제약
201707551,하디콜에스연질캡슐,광동제약(주)
201707596,헤모포민에스35정,(주)동구바이오제약
201707611,에너라민파워액,일동제약(주)
201707621,엘씨비탐미정,구주제약(주)
201707822,뉴믹스탈정,안국뉴팜(주)
201707836,훼리폴엠캡슐,아이큐어(주)
201707838,엑셀렌비정,(주)씨엠지제약
201707853,폴비정,(주)에이프로젠바이오로직스
201707864,엠피신연고(무피로신),(주)바이넥스
201707895,비사콜장용정,안국약품(주)
201707899,"화콜나잘스프레이0.1%(자일로메타졸린염산염)(무향,멘톨향)",제이더블유중외제약(주)
201707900,화콜나잘스프레이0.05%(자일로메타졸린염산염),제이더블유중외제약(주)
201707943,엑스코프에이연질캡슐,코오롱제약(주)
201707965,프리미엄미네코다정,미래바이오제약(주)
201707988,진한고카타플라스마,(주)시어스제약
201708001,엘씨비탐파워정,구주제약(주)
201708002,굿모닝에이스정,(주)한풍제약
201708036,클로맥스연질캡슐(클로닉신리시네이트),코스맥스파마(주)
201708055,마그네비정,한미약품(주)
201708080,레이디퀸연질캡슐,(주)에이프로젠바이오로직스
201708135,칼맥포르테연질캡슐,코스맥스파마(주)
201708145,유스테인캡슐(에르도스테인),(주)유영제약
201708185,일양투아이블루점안액,일양약품(주)
201708197,콜드펜코프연질캡슐,동국제약(주)
201708198,콜드펜연질캡슐,동국제약(주)
201708199,콜드펜노즈연질캡슐,동국제약(주)
201708217,일양투아이케어점안액,일양약품(주)
201708249,덱시디펜시럽(덱시부프로펜),경동제약(주)
201708262,엑스코프디시럽,코오롱제약(주)
201708285,헥사메딘액0.12%(클로르헥시딘글루콘산염액),부광약품(주)
201708295,뮤코반캡슐200mg(아세틸시스테인),(주)넥스팜코리아
201708381,큐앤큐헥시알콜스틱스왑액,큐앤큐팜(주)
201708389,솔표위청수에프액,광동제약(주)
201708393,에르페시버크림(아시클로버),(주)다산제약
201708490,비엘피린장용정100밀리그램(아스피린),(주)씨엘팜
201708500,게보핏파워플라스타(디클로페낙나트륨),삼진제약(주)
201708524,페라플루디액(과아세트산액0.2%),주식회사 밸리
201708567,헤파톡시온정(글루타티온(환원형)),(주)마더스제약
201708579,토마쎈플러스연질캡슐,동방에프티엘(주)
201708580,겔포스엘현탁액,(주)보령
201708605,벨노즈캡슐,한솔신약(주)
201708634,푸로싹연질캡슐(나프록센),제일헬스사이언스(주)
201708637,바이코민정,(주)메디카코리아
201708640,세파셀렌정100마이크로그램(아셀렌산나트륨),(주)한국팜비오
201800106,제일디쿨24플라스타(디클로페낙나트륨),제일헬스사이언스(주)
201800115,세파콜과립,(주)아이월드제약
201800123,메가비텐정,동국제약(주)
201800124, 쎈비백정,한국코러스(주)
201800133,치스민캡슐(디오스민),동성제약(주)
201800145,무조날에스네일라카(시클로피록스),한미약품(주)
201800201,비오딜정5밀리그램(비오틴),태극제약(주)
201800231,프리에스연질캡슐(클로닉신리시네이트),동국제약(주)
201800233,구미포비돈세정액7.5%(포비돈요오드),구미제약(주)
201800286,네오콜코프캡슐,한국신텍스제약(주)
201800317,아미푸렉스골드정,고려제약(주)
201800344,아노덱스정,(주)팜젠사이언스
201800352,치클리스연고,일양바이오팜(주)
201800353,아로나민이맥스플러스정,일동제약(주)
201800515,마겐정(알마게이트),(주)시어스제약
201800567,타세놀8시간이알서방정325밀리그램(아세트아미노펜),부광약품(주)
201800613,아줄렌에스연고(구아야줄렌),(주)에이프로젠바이오로직스
201800637,생큐환,신화제약(주)
201800675,락스타캡슐(락토바실루스카제이변종람노수스의동결건조배양물),코오롱제약(주)
201800681,리도킨크림9.6%(리도카인)(수출명: SM Lido Cream 9.6%(Lidocaine)),오스틴제약(주)
201800701,슬라드린정,동국제약(주)
201800707,케로펜디플라스타(케토프로펜),(주)티디에스팜
201800709,리도킨겔9.6%(리도카인)(수출명: SM Lido Gel 9.6%(Lidocaine)),오스틴제약(주)
201800754,훼로큐캡슐,(주)바스칸바이오제약
201800782,터비뉴원스외용액(테르비나핀염산염),동아제약(주)
201800788,간프로액(L-아스파르트산-L-오르니틴),(주)유유제약
201800836,이소프트캡슐,코스맥스파마(주)
201800862,아이소펜시럽(덱시부프로펜),한국휴텍스제약(주)
201800891,그날엔딥24플라스타(디클로페낙나트륨),경동제약(주)
201800911,콘티플러스연질캡슐,(주)씨엘팜
201800949,더모메디큐액,부광약품(주)
201800970,미녹시딜바이그루트액3%(미녹시딜),태극제약(주)
201800971,미녹시딜바이그루트액5%(미녹시딜),태극제약(주)
201800980,키즈부스터비타츄어블정,코오롱제약(주)
201800994,카펜에스정,(주)아이월드제약
201801000,엔포르테액(L-아스파르트산-L-아르기닌수화물),구주제약(주)
201801010,이치논크림,동아제약(주)
201801011,소보민시럽,삼익제약(주)
201801021,투수콜포르테연질캡슐,신일제약(주)
201801073,훼리큐캡슐,(주)에이프로젠바이오로직스
201801085,엘부틴정(트리메부틴말레산염),(주)인트로바이오파마
201801088,통클리어연질캡슐(클로닉신리시네이트),(주)에이프로젠바이오로직스
201801116,이니바실루스산(바실루스리케니포르미스균),(주)비보존제약
201801145,템페라연질캡슐,(주)아이월드제약
201801160,빅조인에프정,미래바이오제약(주)
201801170,엘카틸정(엘카르니틴),(주)비보존제약
201801177,메가골드플러스정,한국코러스(주)
201801178,파워콜코프연질캡슐,동화약품(주)
201801256,칼디쓰리플러스정,(주)아이월드제약
201801263,그린헥시딘브러쉬액(클로르헥시딘글루콘산염액),(주)그린제약
201801264,그린포비돈브러쉬액(포비돈요오드),(주)그린제약
201801272,삼아리도멕스크림0.15%(프레드니솔론발레로아세테이트),삼아제약(주)
201801344,이니바실루스캡슐(바실루스리케니포르미스균),(주)비보존제약
201801352,헥시타놀2%스틱스왑액,(주)퍼슨
201801353,우루리버정100mg(우르소데옥시콜산),한국휴텍스제약(주)
201801355,액티진정,한국코러스(주)
201801356,뉴스피린장용정100밀리그램(아스피린),(주)다산제약
201801370,큐앤큐헥시딘스틱스왑액,큐앤큐팜(주)
201801373,미녹시딜바이그루트겔5%(미녹시딜),태극제약(주)
201801390,류펜프리플라스타(디클로페낙나트륨),대화제약(주)
201801393,플로리진연질캡슐(세티리진염산염),동화약품(주)
201801425,계안겔(수출용),동아제약(주)
201801429,바토루스캡슐(바실루스리케니포르미스균),한국프라임제약(주)
201801484,바레톡크림(나프티핀염산염),일양바이오팜(주)
201801497,일양바이오알벤다졸정,일양바이오팜(주)
201801498,레이디원연질캡슐,제일헬스사이언스(주)
201801516,비타월드정,(주)아이월드제약
201801538,파워콜노즈연질캡슐,동화약품(주)
201801542,써버쿨플라스타,진양제약(주)
201801546,더블엑스투카타플라스마,(주)시어스제약
201801561,뮤트린캡슐200밀리그램(아세틸시스테인),에이치엘비제약(주)
201801599,다나큐아크림,광동제약(주)
201801608,휴펜텍카타플라스마(록소프로펜나트륨수화물),(주)시어스제약
201801617,노이텍정,아이큐어(주)
201801676,메디알정500mg(알마게이트),에스피씨(주)
201801678,슬리마정(수출용),(주)아이월드제약
201801679,제일빅파프카타플라스마(플루르비프로펜),제일헬스사이언스(주)
201801688,이부페노정,(주)아이월드제약
201801695,더블액티브정,한국코러스(주)
201801702,엘타인캡슐(에르도스테인),동광제약(주)
201801714,엑쎈코연질캡슐,(주)알피바이오
201801725,브레인플러스정(수출용),(주)아이월드제약
201801769,락토필캡슐300밀리그램(락토바실루스아시도필루스균),(주)아이월드제약
201801775,아모스겔,정우신약(주)
201801818,비디클로라프렙외용액,(주)지리페
201801843,에르도캡슐300밀리그램(에르도스테인),(주)씨엠지제약
201801854,옥테니셉트액,(주)한국유니팜
201801882,메가엑트액(시트룰린말산염),하나제약(주)
201801905,에르틴정(엘카르니틴),(주)아이월드제약
201801917,케이콜드시럽,주식회사제뉴원사이언스
201801921,피엠쿨에어로솔,경남제약(주)
201801922,리액타민연질캡슐,(주)서흥
201801926,엑쎈콜연질캡슐,(주)알피바이오
201802006,케어믹신플러스연고,에스케이케미칼(주)
201802080,비코그린이지시럽(락툴로오스농축액),코오롱제약(주)
201802085,바실리스캡슐(바실루스리케니포르미스균),알리코제약(주)
201802086,비나폴로100정,(주)유유제약
201802096,바실리스산(바실루스리케니포르미스균),알리코제약(주)
201802103,탈리부틴정200밀리그램(트리메부틴말레산염),국제약품(주)
201802106,트루맥스액(시트룰린말산염),(주)아이월드제약
201802107,코만코정,(주)팜젠사이언스
201802109,그린쿨인후스프레이액(포비돈요오드),(주)그린제약
201802134,판콜아이콜드시럽,동화약품(주)
201802142,한방동의고플라스타,(주)티디에스팜
201802148,광동만수고골드플라스타,광동제약(주)
201802149,올비틸플러스디시럽,영진약품(주)
201802157,니조랄2%액(케토코나졸),(주)휴온스
201802172,맨포스5000액(L-아스파르트산-L-아르기닌),조아제약(주)
201802210,콜대원키즈노즈에스시럽,대원제약(주)
201802219,큐라민골드정,경남제약(주)
201802270,내간애액,초당약품공업(주)
201802301,테라콘600에프정,(주)테라젠이텍스
201802334,마그포스액티브연질캡슐,코오롱제약(주)
201802335,젬비오캡슐(엔테로코쿠스페슘스트레인세르넬레68균),(주)바스칸바이오제약
201802357,에르코프캡슐(에르도스테인),(주)다산제약
201802364,메가트루파워정,(주)유한양행
201802384,퍼스가글액(벤지다민염산염),유니메드제약(주)
201802397,캐롤비코프연질캡슐,(주)알피바이오
201802398,캐롤비노즈연질캡슐,(주)알피바이오
201802416,세지날정(세티리진염산염),(주)다산제약
201802446,로스테인캡슐(아세틸시스테인),(주)인트로바이오파마
201802453,휴게이트정500밀리그램(알마게이트),(주)휴온스메디텍
201802464,동성정로환에프환,동성제약(주)
201802469,아프머스엘플라스타(디클로페낙나트륨),영진약품(주)
201802534,휴텍스아스피린장용정100mg(아스피린),한국휴텍스제약(주)
201802556,엘씨펜연질캡슐400mg(이부프로펜),구주제약(주)
201802557,렉센에스연고,한림제약(주)
201802564,복합마이녹실액5%,현대약품(주)
201802575,코감노즈정,경방신약(주)
201802576,치감플러스정,경방신약(주)
201802592,바이펜연질캡슐300mg(덱시부프로펜),구주제약(주)
201802601,아르쿨연질캡슐(세티리진염산염),(주)마더스제약
201802608,코디톱쿨플라스타(디클로페낙나트륨),코오롱제약(주)
201802617,모가프텐트로키(플루르비프로펜),동화약품(주)
201802652,에르덱스캡슐(에르도스테인),안국약품(주)
201802672,캐롤비콜드연질캡슐,(주)알피바이오
201802676,판콜아이시럽(덱시부프로펜),동화약품(주)
201802687,바이락스클리어크림,고려제약(주)
201802693,콜민코연질캡슐,코스맥스파마(주)
201802694,콜민코프연질캡슐,코스맥스파마(주)
201802695,콜민콜드연질캡슐,코스맥스파마(주)
201802696,코프패스연질캡슐,코스맥스파마(주)
201802700,락비오캡슐(바실루스리케니포르미스균),(주)씨엠지제약
201802728,알코펜연질캡슐(이부프로펜),알리코제약(주)
201802746,본탑600골드정,동화약품(주)
201802763,비카페롤플러스정,동국제약(주)
201802764,비카페롤정,동국제약(주)
201802791,신코에프연질캡슐,구주제약(주)
201802819,엑티본연질캡슐,위더스제약(주)
201802836,그린나잘스프레이모이스쳐액(옥시메타졸린염산염),(주)그린제약
201802851,둘코라인정,한국휴텍스제약(주)
201802877,알마스정(알마게이트),아이큐어(주)
201802916,헤모맘플러스캡슐,(주)셀릭스
201802940,울츠오랄겔1%(클로르헥시딘글루콘산염액),(주)퍼슨
201802978,사라펜플라스타(케토프로펜),동국제약(주)
201802994,이지엔6에이스연질캡슐(아세트아미노펜),(주)대웅제약
201802995,타이맥스연질캡슐(아세트아미노펜),코스맥스파마(주)
201803016,목앤탁인후스프레이,태극제약(주)
201803043,이반크린액(폴리크레줄렌액50%),조아제약(주)
201803063,스로쿨트로키(레몬향)(플루르비프로펜),지엘파마(주)
201803065,신콜에프연질캡슐,구주제약(주)
201803067,신코프에프연질캡슐,구주제약(주)
201803085,맥스원플러스연질캡슐,아이큐어(주)
201803126,대웅바이오아스피린장용정100밀리그램,대웅바이오(주)
201803130,크로쎈연질캡슐(클로닉신리시네이트),위더스제약(주)
201803160,쎄스콘미니정,지엘파마(주)
201803183,메디콘600정,(주)바스칸바이오제약
201803204,동성정로환에프정,동성제약(주)
201803206,제일알지싹로라연질캡슐(로라타딘),제일헬스사이언스(주)
201803217,콜대원코나에스나잘스프레이액,대원제약(주)
201803219,베타손크림,(주)경보제약
201803233,엘도브론정(에르도스테인),주식회사제뉴원사이언스
201803236,제일알지싹세티연질캡슐(세티리진염산염),제일헬스사이언스(주)
201803248,메가콘600정,(주)경보제약
201803263,헤파코엔정 ,미래바이오제약(주)
201803284,솔트스틱액,(주)그린제약
201803371,이브원큐연질캡슐(이부프로펜),동아제약(주)
201803375,녹십자폴산정,(주)녹십자
201803409,포세라정,(주)팜젠사이언스
201803431,마더스아스피린장용정100mg(아스피린),(주)마더스제약
201803438,라라골드액(L-아스파르트산-L-아르기닌수화물),(주)텔콘알에프제약
201803486,캐롤쿨링더블파워카타플라스마(케토프로펜) ,일동제약(주)
201803487,엘도스테인캡슐(에르도스테인),화일약품(주)
201803607,라이트프레쉬점안액0.5%(카르복시메틸셀룰로오스나트륨)(1회용),(주)라이트팜텍
201803647,네오크로신연질캡슐(클로닉신리시네이트),(주)넥스팜코리아
201803649,엘도클캡슐(에르도스테인),에이치케이이노엔(주)
201803651,그린헥시딘세정액4%(클로르헥시딘글루콘산염액),(주)그린제약
201803664,마그비스피드액,(주)유한양행
201803704,벤비노정,(주)아이월드제약
201803717,안티푸라민로션,(주)유한양행
201803753,두피앤액,한미약품(주)
201803766,젠콤정(알벤다졸),(주)넥스팜코리아
201803770,모나이지액,광동제약(주)
201803803,이지팩트액(시트룰린말산염),맥널티제약(주)
201803833,푸레파베인캡슐(디오스민),일동제약(주)
201803840,리카엘크림(리도카인),아이큐어(주)
201803842,노펜24쿨플라스타(디클로페낙나트륨),제이더블유중외제약(주)
201803896,리치정,미래바이오제약(주)
201803902,안티푸라민케토플라스타(케토프로펜),(주)유한양행
201803907,카베진코와알파정,한국코와(주)
201803970,팜페인파워연질캡슐(나프록센),이연제약(주)
201804122,안티푸라민케토카타플라스마(케토프로펜),(주)유한양행
201804147,미카펜정,에이치엘비제약(주)
201804150,뷰티스홈10%겔(카바마이드퍼옥사이드),오스템파마주식회사
201804151,뷰티스홈15%겔,오스템파마주식회사
201804157,한신노콜-에스액,(주)한국신약
201804159,팜젠산화마그네슘정,(주)팜젠사이언스
201804163,엘도투캡슐300밀리그램(에르도스테인),코스맥스파마(주)
201804166,속이쿨정,경방신약(주)
201804247,듀얼아쿠아점안액(트레할로스수화물)(1회용),(주)라이트팜텍
201804264,베타케어에이플러스점안액(폴리소르베이트80)(1회용),(주)제뉴파마
201804285,맨담록소펜카타플라스마(록소프로펜나트륨수화물),(주)보령
201804349,클로나인연질캡슐(클로닉신리시네이트),동화약품(주)
201804368,챔프코프액,동아제약(주)
201804383,넥콘600에프정,(주)넥스팜코리아
201804386,크로씬탑연질캡슐(클로닉신리시네이트),이연제약(주)
201804394,엘스테인정(에르도스테인),대원제약(주)
201804395,에르스토캡슐(에르도스테인),(주)아이월드제약
201804475,제일콘드로600정,제일헬스사이언스(주)
201804495,비스타정,(주)바스칸바이오제약
201804504,마투탑플러스연질캡슐,코스맥스파마(주)
201804518,멀티큐텐플러스정,고려제약(주)
201804530,캐롤프로더블파워플라스타(플루르비프로펜),(주)티디에스팜
201804568,스킨베리아크림(우레아),태극제약(주)
201804569,코나프레쉬나잘스프레이액(염화나트륨),대원제약(주)
201804576,비코엑스장용정,(주)라이트팜텍
201804577,펜프리연질캡슐(이부프로펜),(주)필인터내셔널
201804582,엑스케인크림(리도카인),(주)인트로바이오파마
201804598,제일한방테이핑파프카타플라스마,제일헬스사이언스(주)
201804619,엑스콜노즈정,(주)한풍제약
201804671,페어아크네크림,(주)제뉴파마
201804672,그린헥시딘0.5%액(클로르헥시딘글루콘산염액),(주)그린제약
201804689,아이치온정(글루타티온(환원형)),일양약품(주)
201804692,세파콜에프캡슐,(주)아이월드제약
201804704,티어실에어로솔,삼일제약(주)
201804892,파워스탑스키니플라스타(케토프로펜),경남제약(주)
201804925,콜로브론캡슐,정우신약(주)
201804933,오스게이트정(알마게이트),(주)오스코리아제약
201804962,휴토펜점안액(케토티펜푸마르산염),(주)휴메딕스
201804964,알마스콘정(알마게이트),(주)다산제약
201805119,이테란과립(아세틸시스테인),(주)이든파마
201805153,동화엘텐정(에르도스테인),동화약품(주)
201805155,멘소래담딥액션카타플라스마,진양제약(주)
201805156,멘소래담코인플라스타,진양제약(주)
201805184,쿨스탁필름형트로키(세틸피리디늄염화물),(주)경보제약
201805194,엘도프로캡슐(에르도스테인),영진약품(주)
201805203,알게텍정(알마게이트),대원바이오텍주식회사
201805224,헬봄액,(주)이든파마
201805238,훼럼포유연질캡슐,제이더블유중외제약(주)
201805240,엘뮤코정(에르도스테인),(주)보령바이오파마
201805282,피록스겔(피록시캄),한국코러스(주)
201900024,제놀파워풀플라스타(플루르비프로펜),아이큐어(주)
201900026,피캄스겔(피록시캄),시믹씨엠오코리아주식회사
201900045,엑스콜디과립,(주)한풍제약
201900100,마게이트정(알마게이트),익수제약(주)
201900111,뉴코딜정,대한뉴팜(주)
201900112,애드민플러스정,(주)한국피엠지제약
201900160,옥솔페이스트(에녹솔론)(허브스피아향),오스템파마주식회사
201900178,서울아스피린장용정,(주)서울제약
201900187,독립목클린캡슐200밀리그램(아세틸시스테인),독립바이오제약(주)
201900192,제스쿨정,(주)씨엠지제약
201900221,케이아스피린장용정(아스피린),한국넬슨제약(주)
201900225,디맥트리플정,(주)다림바이오텍
201900271,더마스탑크림,일양바이오팜(주)
201900282,옵티제로연질캡슐(덱시부프로펜),경진제약(주)
201900290,목앤파워스프레이(플루르비프로펜),한미약품(주)
201900312,해소코푸에스시럽,지엘파마(주)
201900317,카르닐정(엘카르니틴),(주)인트로바이오파마
201900598,뮤테론캡슐200밀리그램(아세틸시스테인),풍림무약(주)
201900678,훼리너프지캡슐,(주)녹십자
201900682,큐센연질캡슐(나프록센),삼성제약(주)
201900692,서울알마게이트정,(주)서울제약
201900696,인터큐텐연질캡슐,경남제약(주)
201900720,파워비큐정,경남제약(주)
201900725,쿨락트암모늄로션12%(락트산암모늄액),주식회사제뉴원사이언스
201900727,솔루록센연질캡슐(나프록센),현대약품(주)
201900736,파워쎈연질캡슐,(주)바스칸바이오제약
201900742,마더스코연질캡슐,(주)마더스제약
201900743,마더스콜드연질캡슐,(주)마더스제약
201900744,마더스코프연질캡슐,(주)마더스제약
201900764,맨질크림(우레아),시믹씨엠오코리아주식회사
201900783,코뚜에스시럽,코오롱제약(주)
201900787,케이디알엑스플라스타(수출명:TD RX Plaster),(주)티디에스팜
201900823,엘도르캡슐(에르도스테인),익수제약(주)
201900824,아카에정,한국휴텍스제약(주)
201900848,투스테인캡슐(아세틸시스테인),코스맥스파마(주)
201900852,휴덱시연질캡슐(덱시부프로펜),(주)휴온스
201900892,엘도스트캡슐300밀리그램(에르도스테인),(주)중헌제약
201900904,무조무플러스겔,신신제약(주)
201900939,우리아스킨에프크림(우레아),영풍제약(주)
201900962,파나덱스정300밀리그램(덱시부프로펜),아주약품(주)
201900975,코푸콜드-에스액,(주)한국신약
201900977,파워콜캡슐,정우신약(주)
201900986,디뉴펜정(덱시부프로펜),동국제약(주)
201900992,쌍패원에스액,정우신약(주)
201900999,조인탑600정,일양약품(주)
201901010,"그린코플시럽(딸기향, 바나나향)",(주)녹십자
201901012,그린헥시딘가글액(클로르헥시딘글루콘산염액),(주)그린제약
201901045,알마케이드정(알마게이트),(주)동구바이오제약
201901046,키미테정,명문제약(주)
201901113,트리원정100밀리그램(트리메부틴말레산염),하나제약(주)
201901120,케토린점안액(케토티펜푸마르산염),(주)휴비스트제약
201901128,치치엔더블유크림,(주)퍼슨
201901187,액티브피록시캄겔(피록시캄),일양바이오팜(주)
201901209,동성비오틴정,동성제약(주)
201901258,모이스아이뷰점안액(트레할로스수화물)(1회용),(주)마더스제약
201901304,펜실연질캡슐,동화약품(주)
201901314,인콤정(알벤다졸),(주)이든파마
201901322,백일후애캡슐,동광제약(주)
201901368,디카렉정,(주)바스칸바이오제약
201901373,비맥스메타정,(주)녹십자
201901374,엘도네오캡슐(에르도스테인),신일제약(주)
201901388,알러캡연질캡슐(세티리진염산염),일양바이오팜(주)
201901436,마그감마맥스연질캡슐,구주제약(주)
201901490,옵티코프연질캡슐,코스맥스파마(주)
201901492,비라밸정,동화약품(주)
201901541,콜드윈시럽,(주)씨엠지제약
201901551,릴리애정,(주)한국파비스제약
201901578,보위황정,미래바이오제약(주)
201901619,더마굿크림,구주제약(주)
201901623,하니동전파스플라스타,원광제약(주)
201901656,알마테정(알마게이트),정우신약(주)
201901675,알앤샷연질캡슐(세티리진염산염),동광제약(주)
201901708,듀오클로크림,(주)비보존제약
201901721,애크논크림,지엘파마(주)
201901857,아세틸란캡슐(아세틸시스테인),지엘파마(주)
201901869,지엘아스피린장용정100밀리그램,지엘파마(주)
201901873,엔콜시럽,삼남제약(주)
201901949,람노스산(락토바실루스카제이변종람노수스),한화제약(주)
201901959,펜싹프레쉬연질캡슐,제일헬스사이언스(주)
201901965,쏘큐정,(주)유한양행
201901968,위앤탁더블액션현탁액,구주제약(주)
201901973,더게인정,(주)바이넥스
201902001,아로나민케어리피정,일동제약(주)
201902006,옵티노즈연질캡슐,코스맥스파마(주)
201902007,글루타틴정100mg(글루타티온(환원형)),(주)텔콘알에프제약
201902063,엑세라민에이스정,일동제약(주)
201902077,아로나민케어콤플렉스정,일동제약(주)
201902097,디에클렌스프레이,현대약품(주)
201902124,제이코티손로션2.5%(히드로코르티손),(주)라이트팜텍
201902137,엑쎈코프에스연질캡슐,(주)알피바이오
201902138,케어롤핀네일라카(아모롤핀염산염),대웅바이오(주)
201902226,엘도에스정(에르도스테인),맥널티제약(주)
201902261,래피콜코프플러스연질캡슐,(주)유한양행
201902272,엘도스텐캡슐(에르도스테인),(주)엘앤씨바이오 
201902312,정우형개연교탕연조엑스(단미엑스혼합제),정우신약(주)
201902342,알마트로정(알마게이트),독립바이오제약(주)
201902441,본에탑연질캡슐,동화약품(주)
201902449,헥시와입스4%(클로르헥시딘글루콘산염),(주)휴온스메디텍
201902450,헥시와입스2%(클로르헥시딘글루콘산염),(주)휴온스메디텍
201902472,비테인캡슐,(주)서흥
201902527,모아콜연질캡슐,(주)알피바이오
201902561,일성알마게이트정500밀리그램,일성아이에스(주)
201902565,티라노골드플러스츄어블정,(주)녹십자
201902572,디로펜24쿨플라스타(디클로페낙나트륨),(주)시어스제약
201902587,리도케인크림(리도카인),(주)아이월드제약
201902611,히미팔팔액(L-아스파르트산-L-아르기닌수화물),(주)마더스제약
201902614,마인트롤정(세인트존스워트80%메탄올건조엑스),동국제약(주)
201902786,레티코연질캡슐,(주)서흥
201902787,레티코프연질캡슐,(주)서흥
201902788,레티콜연질캡슐,(주)서흥
201902832,페노크린첩부제스트롱(플루르비프로펜),신신제약(주)
201902857,삐콤씨파워정,(주)유한양행
201902859,프로콘틴600정,정우신약(주)
201902876,나프원큐연질캡슐(나프록센),동아제약(주)
201902973,타미노펜연질캡슐(아세트아미노펜),(주)녹십자
201902982,덱스원큐연질캡슐(덱시부프로펜),동아제약(주)
201903015,그날엔덱스연질캡슐(덱시부프로펜),경동제약(주)
201903071,엘도씽캡슐(에르도스테인),대웅바이오(주)
201903082,현대에르도스테인캡슐,현대약품(주)
201903099,오케이파워겔,조아제약(주)
201903110,안티렌크림(구아야줄렌),(주)일화
201903112,뮤코나액(아세틸시스테인),아주약품(주)
201903189,일양피록시겔(피록시캄),일양약품(주)
201903198,제이테르빈크림(테르비나핀염산염),(주)라이트팜텍
201903202,엘도젠캡슐(에르도스테인),(주)셀릭스
201903216,제일테르비케어크림(테르비나핀염산염),제일헬스사이언스(주)
201903221,오트리빈에스비강분무액(옥시메타졸린염산염) ,헤일리온코리아주식회사
201903259,브로립신정,일양약품(주)
201903305,레보콤비에스액,고려제약(주)
201903344,광동벤포파워제트액,광동제약(주)
201903366,알레르텍연질캡슐(세티리진염산염),동성제약(주)
201903393,이베클로크림,태극제약(주)
201903442,징키스틴캡슐(히스티딘아연이수화물),(주)한국팜비오
201903568,독립덱시부펜시럽(덱시부프로펜),독립바이오제약(주)
201903580,스카덤클리어겔,신신제약(주)
201903606,에르펙토정(에르도스테인),조아제약(주)
201903734,소와엔정,(주)바스칸바이오제약
201903796,애크린외용액(살리실산),동아제약(주)
201903798,팜플루코프연질캡슐,코스맥스파마(주)
201903799,팜플루노즈연질캡슐,코스맥스파마(주)
201903800,팜플루콜드연질캡슐,코스맥스파마(주)
201903831,솔루아펜연질캡슐(아세트아미노펜),현대약품(주)
201904167,수프리정,(주)아이월드제약
201904177,더블유녹스정(글루타티온(환원형)),(주)휴비스트제약
201904192,셀큐라민정(은행엽건조엑스),(주)셀트리온제약
201904193,파인큐이부펜시럽(이부프로펜),대원바이오텍주식회사
201904215,마하펜연질캡슐(아세트아미노펜),일양바이오팜(주)
201904219,프리간액(L-아스파르트산-L-오르니틴),(주)일화
201904220,한미치쏙크림,한미약품(주)
201904226,아로나민케어에이치티정,일동제약(주)
201904260,메디녹실플러스액,(주)동구바이오제약
201904268,애드원정,(주)유앤생명과학
201904285,펠비고쿨플라스타,(주)티디에스팜
201904305,아로나민케어디엠정,일동제약(주)
201904317,알마겐정500밀리그램(알마게이트),한국신텍스제약(주)
201904326,메부란정(트리메부틴말레산염),엔비케이제약(주)
201904332,티테인캡슐(아세틸시스테인),한국유니온제약(주)
201904337,엘카렉정(엘카르니틴),(주)바스칸바이오제약
201904346,징카민정80mg(은행엽건조엑스),영진약품(주)
201904356,조인본골드정,(주)유한양행
201904379,원폴정(폴산),아이큐어(주)
201904494,5-엠씨크림(리도카인),주식회사더유제약
201904502,브로나제장용정(브로멜라인),(주)마더스제약
201904520,엘론드정(엘카르니틴),(주)라이트팜텍
201904531,헤파워액,아이큐어(주)
201904579,터비뉴더블액션겔,동아제약(주)
201904588,파인에스정,대한뉴팜(주)
201904604,비타마스정,미래바이오제약(주)
201904605,비백큐골드정,미래바이오제약(주)
201904653,코감콜캡슐,경방신약(주)
201904700,잘도스캡슐(에르도스테인),대원바이오텍주식회사
201904705,제이비정,코스맥스파마(주)
201904713,스카이비백정,(주)한풍제약
201904717,오큐시스점안액(트레할로스수화물)(1회용),(주)휴온스메디텍
201904772,제일쿨키드크림,제일헬스사이언스(주)
201904794,시리콤푸연질캡슐175밀리그램(밀크시슬열매건조엑스),경동제약(주)
201904798,바스크롱에프캡슐,태극제약(주)
201904806,덱스프리연질캡슐(덱시부프로펜),(주)필인터내셔널
201905072,벤포벨지정,(주)종근당
201905086,하이비백골드정,미래바이오제약(주)
201905099,아세트엠8시간이알서방정650밀리그램(아세트아미노펜),(주)마더스제약
201905258,마이모닉액5%(미녹시딜),주식회사더유제약
201905265,리도킨연고5%(리도카인),오스틴제약(주)
201905287,이티민정40밀리그램(은행엽건조엑스),(주)이든파마
201905288,써큐프리정(은행엽건조엑스),(주)넥스팜코리아
201905292,레드넥콜연질캡슐,(주)알피바이오
201905304,탄시나정,미래바이오제약(주)
201905326,아진탈플러스정,일양약품(주)
201905349,유비센정,한국신텍스제약(주)
201905366,엘보스캡슐(에르도스테인),삼익제약(주)
201905372,비카인크림(리도카인),알파제약(주)
201905373,닥터로반연고(무피로신),주식회사더유제약
201905384,태극우레아연고250밀리그램,태극제약(주)
201905455,에너리티액,광동제약(주)
201905494,유라미크림(프레드니솔론발레로아세테이트),(주)라이트팜텍
201905516,로에굿정,동국제약(주)
201905600,뮤코린캡슐200밀리그램(아세틸시스테인),한국신텍스제약(주)
201905649,맨담디클로엔플라스타(디클로페낙나트륨),진양제약(주)
201905673,코애탁나잘스프레이액(염화나트륨),태극제약(주)
201905687,케로롤네일라카(아모롤핀염산염),삼천당제약(주)
201905693,타이레펜8시간이알서방정650밀리그램(아세트아미노펜),(주)휴비스트제약
201905836,덱시네정(덱시부프로펜),(주)한풍제약
201905840,덱브펜정300밀리그램(덱시부프로펜),이연제약(주)
201905864,터미졸크림(테르비나핀염산염),주식회사더유제약
201905873,리어스탑캡슐,경방신약(주)
201905907,헤모엔크림(프라목신염산염),(주)시어스제약
201905948,셀렌오액(아셀렌산나트륨오수화물),대한약품공업(주)
201905964,엔테인캡슐(아세틸시스테인),주식회사케이에스제약
201905990,엘코프캡슐(에르도스테인),주식회사케이에스제약
201905996,케라티딘캡슐,동화약품(주)
201906058,팜페인프로연질캡슐(덱시부프로펜),이연제약(주)
201906059,팜페인이부연질캡슐(이부프로펜),이연제약(주)
201906085,데칼시트산,한국벡스팜제약(주)
201906089,엘도에스캡슐(에르도스테인),맥널티제약(주)
201906113,마파람과립,삼익제약(주)
201906127,아마가정(알마게이트),(주)경보제약
201906129,센코프액,경방신약(주)
201906140,디오맥스정600밀리그램(디오스민),풍림무약(주)
201906177,피록스타플라스타(피록시캄),신신제약(주)
201906214,벤포빅정,(주)한풍제약
201906314,나스펜연질캡슐(아세트아미노펜),조아제약(주)
201906326,엘드로캡슐(에르도스테인),성원애드콕제약(주)
201906345,안티푸라민쿨파워플라스타,(주)유한양행
201906374,큐르티손로션(히드로코르티손),주식회사큐엘파마
201906376,차배비시럽,(주)텔콘알에프제약
201906379,엘도타인캡슐300밀리그램(에르도스테인),주식회사더유제약
201906400,세노바퀵연질캡슐(세티리진염산염) ,일동제약(주)
201906414,커버롤핀네일라카(아모롤핀염산염),주식회사큐엘파마
201906421,펜타셀100마이크로그램퍼오랄정(아셀렌산나트륨오수화물),(주)인트로바이오파마
201906430,스카힐골드겔,(주)녹십자
201906455,셀레뉴연질캡슐,(주)알피바이오
201906489,평위천프라임액,광동제약(주)
201906500,뮤라텐캡슐100밀리그램(아세틸시스테인),주식회사더유제약
201906501,뮤라텐캡슐200밀리그램(아세틸시스테인),주식회사더유제약
201906544,엘도텐캡슐(에르도스테인),제일약품(주)
201906886,엘도비캡슐(에르도스테인),(주)서울제약
201906917,경남티어앤톡점안액(트레할로스수화물)(1회용),경남제약(주)
201906924,렉스민캡슐(디오스민) ,(주)시어스제약
201906975,세타펜8시간이알서방정650밀리그램(아세트아미노펜),(주)보령바이오파마
201906999,키도멜라인장용정(브로멜라인),한국휴텍스제약(주)
201907005,"노즈원큐나잘스프레이(무향,멘톨향)",동아제약(주)
201907014,로나코프연질캡슐,(주)서흥
201907024,로나콜연질캡슐,(주)서흥
201907041,돌체락시럽(락툴로오즈농축액),삼진제약(주)
201907042,영진브로멜라인장용정100밀리그램,영진약품(주)
201907080,일양라라포션액(L-아스파르트산-L-아르기닌수화물),일양약품(주)
201907116,케이파이콜싹과립,(주)한풍제약
201907157,브로아제장용정(브로멜라인),위더스제약(주)
201907160,풋원겔,현대약품(주)
201907167,시어스피록시캄겔,(주)시어스제약
201907177,투엑스비골드100정,(주)한풍제약
201907189,로페리캡슐(로페라미드염산염),미래바이오제약(주)
201907324,유한아세트아미노펜연질캡슐,(주)유한양행
201907340,아너웰정,(주)바스칸바이오제약
201907347,광동알디액,광동제약(주)
201907355,헬민리버스액,동화약품(주)
201907376,록펜텍플라스타(록소프로펜나트륨수화물),(주)티디에스팜
201907451,아크원팁스왑액(살리실산),(주)그린제약
201907458,트리싹정200밀리그램(트리메부틴말레산염),제일헬스사이언스(주)
201907481,멜라토닝크림(히드로퀴논),동아제약(주)
201907485,큐센400이부프로펜연질캡슐,삼성제약(주)
201907548,메로타제장용정(브로멜라인),삼천당제약(주)
201907572,유한비타민씨디정,(주)유한양행
201907617,삼성브로멜라인장용정,삼성제약(주)
201907628,더게인디정,(주)바이넥스
201907629,트리플라정,정우신약(주)
201907633,라니탄큐정,미래바이오제약(주)
201907666,위크린정,한국신텍스제약(주)
201907733,동아제약D-판테놀연고,동아제약(주)
201907748,파비시드정,(주)한국파비스제약
201907773,쌍비원에프액,(주)아이월드제약
201907790,알미탄겔정,(주)바스칸바이오제약
201907830,미가펜에스연질캡슐(나프록센),(주)팜젠사이언스
201907883,로멜라인장용정(브로멜라인),에스케이케미칼(주)
201907915,맥시부키즈시럽(덱시부프로펜),(주)퍼슨
201907927,브로엘장용정(브로멜라인),에이치엘비제약(주)
201907941,미안블루점안액,대우제약(주)
201907942,미안케어점안액,대우제약(주)
201907956,조인트맥스프리미엄정,(주)한풍제약
201908015,폴락스산4그램(폴리에틸렌글리콜4000),안국약품(주)
201908017,위메부틴정150밀리그램(트리메부틴말레산염),(주)경보제약
201908022,파워액티브정,(주)한풍제약
201908027,캐롤24더블파워플라스타(디클로페낙나트륨),일동제약(주)
201908028,캐롤온감더블파워카타플라스마(펠비낙),일동제약(주)
201908082,칼디온정,(주)넥스팜코리아
201908100,에모젠정,(주)인트로바이오파마
201908104,바스힐캡슐,(주)제뉴파마
201908147,써모젠정,(주)인트로바이오파마
201908148,황력골드액,일양약품(주)
201908208,위앤정,태극제약(주)
201908217,유스카인크림(리도카인),화일약품(주)
201908230,칸디스텐질정100밀리그램(클로트리마졸),주식회사더유제약
201908257,하이카디정,조아제약(주)
201908266,아크스카클리어겔,태극제약(주)
201908278,리큐번크림(구아야줄렌),동아제약(주)
201908292,가스부틴정100mg(트리메부틴말레산염),주식회사케이에스제약
201908295,게보린소프트연질캡슐,삼진제약(주)
201908303,보령바이오아스피린장용정100밀리그램,(주)보령바이오파마
201908325,해피트립액,동아제약(주)
201908351,미소쿨정,미래바이오제약(주)
201908354,안토원캡슐(포도엽건조엑스),하나제약(주)
201908384,유미오틴정(비오틴),정우신약(주)
201908393,헤리엔톡크림,(주)퍼슨
201908399,유니티어즈점안액(1회용),유니메드제약(주)
201908406,슈페젠정,(주)휴온스메디텍
201908418,휴도스캡슐(에르도스테인),(주)휴비스트제약
201908438,덱시파인정(덱시부프로펜),대한뉴팜(주)
201908441,액티바이정,부광약품(주)
201908451,센스지크림,주식회사더유제약
201908484,스피롱액,삼성제약(주)
201908513,엠지플러스큐연질캡슐,(주)알피바이오
201908518,팜시드정10밀리그램(파모티딘),하이플생명과학(주)
201908533,탁센엠지연질캡슐,(주)녹십자
201908540,대웅바이오알마게이트정500밀리그램,대웅바이오(주)
201908559,영일알마게이트정500밀리그램,영일제약(주)
201908562,시노타딘연질캡슐(로라타딘),현대약품(주)
201908589,버물리알파액,현대약품(주)
201908614,미가펜이브연질캡슐,(주)팜젠사이언스
201908635,광동탕엠액,광동제약(주)
201908655,아스마에프시럽,일양약품(주)
201908706,케어모블캡슐,주식회사더유제약
202000009,케프겔(케토프로펜),(주)시어스제약
202000011,콜키퍼시럽,(주)한풍제약
202000043,캐롤키즈콜드시럽,일동제약(주)
202000054,엘로스틴캡슐(에르도스테인),(주)유앤생명과학
202000062,시로제노연질캡슐(세티리진염산염),현대약품(주)
202000064,케이파이위보왕산,(주)한풍제약
202000087,콜키퍼키즈시럽,(주)한풍제약
202000108,애린쏙정(트리메부틴말레산염),일양약품(주)
202000112,브이멜라인장용정(브로멜라인),주식회사더유제약
202000147,마그네정,(주)인트로바이오파마
202000172,루치온정100mg(글루타티온(환원형)),대한뉴팜(주)
202000200,엘도테인정(에르도스테인),한국유나이티드제약(주)
202000214,리놀에스트로키(플루르비프로펜),경남제약(주)
202000239,해소민에스캡슐,지엘파마(주)
202000257,슬램비타정,(주)에이프로젠바이오로직스
202000304,카보시드정(탄산수소나트륨),(주)인트로바이오파마
202000310,마그탑파워연질캡슐,코스맥스파마(주)
202000337,유유베노스민정600밀리그램(디오스민),(주)유유제약
202000372,큐립연고,동화약품(주)
202000375,삼성아모롤핀네일라카(아모롤핀염산염),삼성제약(주)
202000421,아프소겐정(파모티딘),(주)녹십자
202000429,하이클로크림,주식회사더유제약
202000440,한미치쏙정600밀리그램(디오스민),한미약품(주)
202000472,파메딘정10밀리그램(파모티딘),(주)유앤생명과학
202000563,발란시드정(탄산수소나트륨),(주)테라젠이텍스
202000577,파모퀸정10밀리그램(파모티딘),한국코러스(주)
202000586,도담도담멀티비타액,일양약품(주)
202000598,파탁정10밀리그램(파모티딘),(주)라이트팜텍
202000645,센코딜에프정,광동제약(주)
202000647,신일파모티딘정10밀리그램,신일제약(주)
202000676,덱시딜시럽(덱시부프로펜),조아제약(주)
202000692,임팩칸연질캡슐,(주)넥스팜코리아
202000703,잔타뉴정,조아제약(주)
202000704,티파딘정10mg(파모티딘),경방신약(주)
202000726,제일치오스민정(디오스민),제일헬스사이언스(주)
202000733,제놀롱플라스타(디클로페낙나트륨),(주)녹십자
202000770,판다모캡슐,코오롱제약(주)
202000773,미가펜후레쉬연질캡슐(이부프로펜),(주)팜젠사이언스
202000777,칼시마정,초당약품공업(주)
202000791,브멜라인장용정(브로멜라인),(주)제뉴파마
202000797,소부날에이정,진양제약(주)
202000831,파모트리정10밀리그램(파모티딘),에이치엘비제약(주)
202000951,안티클로크림,시믹씨엠오코리아주식회사
202001036,마더스민캡슐(디오스민),(주)마더스제약
202001082,록소앤겔(록소프로펜나트륨수화물),동성제약(주)
202001085,페리톡겔,(주)퍼슨
202001098,화콜키즈콜드시럽,제이더블유중외제약(주)
202001134,벤티브정,엔비케이제약(주)
202001153,구미헥시에탄올스틱스왑액,구미제약(주)
202001195,파모딘정10밀리그램(파모티딘),아이큐어(주)
202001196,마이시딜캡슐,원광제약(주)
202001209,올싹정(알벤다졸),(주)유앤생명과학
202001214,타이렌연질캡슐(아세트아미노펜) ,(주)에이프로젠바이오로직스
202001232,알로판텐정100mg(덱스판테놀),(주)제뉴파마
202001254,뷰티네일라카(아모롤핀염산염),한국휴텍스제약(주)
202001308,액티브원액(시트룰린말산염),대원바이오텍주식회사
202001328,파모탑정(파모티딘),동성제약(주)
202001351,듀오케어액,(주)퍼슨
202001369,하이로버크림,일양약품(주)
202001409,아네린정,일양약품(주)
202001421,안페라캡슐(포도엽건조엑스),(주)바이넥스
202001466,루치온정50밀리그램(글루타티온(환원형)),대한뉴팜(주)
202001477,세시텐캡슐(아세틸시스테인),엔비케이제약(주)
202001489,삼성아스피린장용정100밀리그램,삼성제약(주)
202001495,탁센덱시연질캡슐(덱시부프로펜),(주)녹십자
202001517,칼디원정,경동제약(주)
202001535,슬림제이정,한국신텍스제약(주)
202001554,코자미연질캡슐(디펜히드라민염산염),(주)인트로바이오파마
202001560,판제스트에프정 ,조아제약(주)
202001565,센스민정(디오스민),아이큐어(주)
202001573,제놀푸로탑플라스타(플루르비프로펜),(주)녹십자
202001662,아이파프케어팝카타플라스마(케토프로펜),아이큐어(주)
202001706,더마베타신크림,시믹씨엠오코리아주식회사
202001725,코마키텐나잘스프레이,동화약품(주)
202001726,디어미순정,(주)녹십자
202001730,펩티스정(파모티딘),고려제약(주)
202001760,파모텍스정10밀리그램(파모티딘),(주)테라젠이텍스
202001764,비엘아세틸캡슐(아세틸시스테인),(주)라이트팜텍
202001792,트리가정(트리메부틴말레산염),(주)보령바이오파마
202001867,파워스탑한방핫카타플라스마,경남제약(주)
202001913,뉴베인액(트록세루틴),대원제약(주)
202001961,속시탈정,현대약품(주)
202002034,파모큐정(파모티딘),(주)유한양행
202002056,애니큐어연고,경동제약(주)
202002068,본스칼엠정,조아제약(주)
202002074,페인엔젤키즈시럽(덱시부프로펜),제이더블유중외제약(주)
202002084,다졸정(알벤다졸),아이큐어(주)
202002089,나노디오정600밀리그램(디오스민),초당약품공업(주)
202002110,디센플러스카타플라스마(디클로페낙나트륨),(주)티디에스팜
202002166,라파부틴정100밀리그램(트리메부틴말레산염),(주)라이트팜텍
202002173,타이몰8시간이알서방정650밀리그램(아세트아미노펜),(주)동구바이오제약
202002302,센티몰액,(주)중헌제약
202002320,엘도랄캡슐(에르도스테인),경동제약(주)
202002332,글치온정(글루타티온(환원형)),(주)테라젠이텍스
202002383,코트리나캡슐,부광약품(주)
202002390,요를레이트로키,대원제약(주)
202002391,타이로펜연질캡슐(아세트아미노펜),(주)알피바이오
202002443,카네스졸플러스크림,주식회사더유제약
202002484,플랜라인정45밀리그램(브로멜라인),대한뉴팜(주)
202002514,푸레파인마일드연고,일동제약(주)
202002542,브로라제장용정(브로멜라인),(주)킵스바이오파마
202002550,알카본정,한올바이오파마(주)
202002553,아카펜정,(주)셀릭스
202002568,요모겐트로키(플루르비프로펜),대원제약(주)
202002583,헤르페진크림,조아제약(주)
202002625,지엘도스캡슐300밀리그램(에르도스테인),지엘파마(주)
202002635,셀레넘정,(주)테라젠이텍스
202002642,노시드정,영진약품(주)
202002646,애시컨정(파모티딘),동아제약(주)
202002671,푸레파인마일드좌제,일동제약(주)
202002759,팜도인캡슐(에르도스테인),(주)한국팜비오
202002774,마스터치크림,일양바이오팜(주)
202002817,트라스트디펜플라스타(디클로페낙나트륨),에스케이케미칼(주)
202002841,써큐로민정80밀리그램(은행엽건조엑스),삼천당제약(주)
202002848,캐롤키즈노즈시럽,일동제약(주)
202002866,트라스트핑거플라스타(케토프로펜),에스케이케미칼(주)
202002968,마이모닉액3%(미녹시딜),주식회사더유제약
202003068,올편제에스정,한국프라임제약(주)
202003087,캐롤키즈에이시럽(아세트아미노펜),일동제약(주)
202003123,콘비로600정,코스맥스파마(주)
202003209,오스템클로르헥시딘액0.12%(클로르헥시딘글루콘산염액),오스템파마주식회사
202003212,에스알파정,초당약품공업(주)
202003237,제일알벤다졸정,제일헬스사이언스(주)
202003252,엘도라온캡슐(에르도스테인),정우신약(주)
202003288,지엘파모티딘정10밀리그램,지엘파마(주)
202003298,로메라제장용정(브로멜라인),동국제약(주)
202003322,위모닝정,일양바이오팜(주)
202003327,뉴트리액티브정,한국코러스(주)
202003341,마그네스디정,대화제약(주)
202003344,티엔코프연질캡슐,코스맥스파마(주)
202003388,멜라인장용정(브로멜라인),(주)아리제약
202003405,보령펜시럽(덱시부프로펜),(주)보령
202003410,티엔코연질캡슐,코스맥스파마(주)
202003411,파모윈정(파모티딘),한국신텍스제약(주)
202003421,모이스타점안액(폴리데옥시리보뉴클레오티드나트륨)(1회용),(주)휴온스
202003464,뮤카란캡슐200밀리그램(아세틸시스테인),대웅바이오(주)
202003497,모글원큐스프레이,동아제약(주)
202003528,위엔싹에프정(파모티딘),제일헬스사이언스(주)
202003611,베나졸크림(테르비나핀염산염),(주)경보제약
202003633,알마인정(알마게이트),(주)인트로바이오파마
202003642,대웅바이오덱시부프로펜정300밀리그램,대웅바이오(주)
202003660,투엑스비듀얼정,(주)한풍제약
202003662,이브원큐에스연질캡슐(이부프로펜),동아제약(주)
202003682,신신복합유디씨에이연질캡슐,신신제약(주)
202003699,베아파모정10밀리그램(파모티딘),대웅바이오(주)
202003708,"아이엔점안액(순), 아이엔점안액(쿨), 아이엔점안액(쿨하이)",대우제약(주)
202003733,파워비큐액,경남제약(주)
202003761,브로나인장용정(브로멜라인),(주)일화
202003788,덱스원큐에스연질캡슐(덱시부프로펜),동아제약(주)
202003789,치치렌정(디오스민),주식회사더유제약
202003827,레비타점안액(폴리소르베이트80)(1회용),(주)이든파마
202003848,"미안점안액(순), 미안점안액(쿨), 미안점안액(쿨하이)",일양약품(주)
202003864,장이락산(바실루스리케니포르미스균),광동제약(주)
202003868,엘도트린캡슐(에르도스테인),에이치엘비제약(주)
202003877,나프원큐에스연질캡슐(나프록센),동아제약(주)
202003917,헤모데이캡슐(폴리사카리드철착염),(주)시어스제약
202003978,브롤라인장용정(브로멜라인),대화제약(주)
202003994,엑세라민프로정,일동제약(주)
202004017,브로멜란장용정(브로멜라인),(주)테라젠이텍스
202004020,밸리씬정(방풍통성산건조엑스(4.6→1)),케이엠에스제약(주)
202004088,마그페롤플러스연질캡슐,지엘파마(주)
202004112,장이락캡슐(바실루스리케니포르미스균),광동제약(주)
202004223,신신플루넥연조엑스(구풍해독탕),신신제약(주)
202004224,다산알벤다졸정400밀리그램,(주)다산제약
202004238,콜드브레이크캡슐,알파제약(주)
202004247,알젠다졸정(알벤다졸),주식회사더유제약
202004278,시어스테그프리미움겔9.6%(리도카인),(주)시어스제약
202004279,신신유디씨에이연질캡슐,신신제약(주)
202004286,테리나플러스크림,시믹씨엠오코리아주식회사
202004385,덱스녹실정(덱스판테놀),현대약품(주)
202004515,이바나파연고(덱사메타손),태극제약(주)
202004530,풋파인크림1%(테르비나핀염산염),(주)아이월드제약
202004532,새로덱스정100밀리그램(덱스판테놀),(주)팜젠사이언스
202004542,맥세렌디정,맥널티제약(주)
202004644,리케락캡슐(바실루스리케니포르미스균),동국제약(주)
202004701,리케락산(바실루스리케니포르미스균),동국제약(주)
202004710,에스빌이부연질캡슐200밀리그램(이부프로펜),(주)킵스바이오파마
202004825,콘조탑골드600정,(주)일화
202004867,돌체락원스산,삼진제약(주)
202004872,소겐큐정,(주)한국파비스제약
202004930,뉴락스에프정,태극제약(주)
202004950,케프로텍카타플라스마(케토프로펜),현대약품(주)
202004970,베베클나잘스프레이(염화나트륨),제이더블유중외제약(주)
202005006,페인엔젤레이디연질캡슐,제이더블유중외제약(주)
202005018,코푸엔에스시럽,(주)제뉴파마
202005041,쎈파워비타연질캡슐,(주)텔콘알에프제약
202005052,브로젠장용정45mg(브로멜라인),이연제약(주)
202005203,히알핑점안액(히알루론산나트륨),현대약품(주)
202005205,아이리스케어점안액(폴리데옥시리보뉴클레오티드나트륨)(1회용),삼천당제약(주)
202005237,그린헥시딘가글액0.12%(클로르헥시딘글루콘산염액),(주)그린제약
202005249,비엘비정,한국코러스(주)
202005275,뮤코에이시럽,(주)보령바이오파마
202005449,액티비씨정,경남제약(주)
202005464,팜편안엠정,코스맥스파마(주)
202005474,"시크린점안액(순),시크린점안액(쿨),시크린점안액(쿨하이)",조아제약(주)
202005491,테라록센연질캡슐(나프록센),(주)테라젠이텍스
202005495,벤포스정,알리코제약(주)
202005496,루피엔연질캡슐(이부프로펜),(주)바스칸바이오제약
202005599,디카듀오정100/1000,대웅바이오(주)
202005623,어린이타이레놀산160밀리그램(아세트아미노펜),켄뷰코리아판매유한회사
202005641,가네치온정100밀리그램(글루타티온(환원형)),주식회사더유제약
202005642,잇티플란트페이스트(에녹솔론),주식회사더유제약
202005650,아나프리스프레이,(주)그린제약
202005763,피아렌점안액(폴리데옥시리보뉴클레오티드나트륨)(1회용),(주)옵투스제약
202005892,노펜펠비낙카타플라스마(펠비낙),제이더블유중외제약(주)
202005973,리치칼비정,미래바이오제약(주)
202005998,파머티딘정(파모티딘),부광약품(주)
202006021,제놀빅카타플라스마(펠비낙),(주)녹십자
202006143,브로멜장용정45밀리그램(브로멜라인),(주)경보제약
202006186,판덱스정(덱스판테놀),(주)씨엠지제약
202006196,데일리질정(클로트리마졸),아이큐어(주)
202006338,리쥬셀크림(리도카인),(주)팜젠사이언스
202006359,글린타민캡슐,엔비케이제약(주)
202006366,알미틴플러스정,(주)바스칸바이오제약
202006448,터비졸플러스크림,일양약품(주)
202006476,시메탑정,아이큐어(주)
202006701,다모판텐정100밀리그램(덱스판테놀) ,맥널티제약(주)
202006755,엘앤씨메가펜정(아세트아미노펜제피세립),(주)엘앤씨바이오 
202006761,이부스타플라스타(이부프로펜),신신제약(주)
202006820,파모위튼정10밀리그램(파모티딘),맥널티제약(주)
202006967,벤포액티브연질캡슐,현대약품(주)
202006992,콜콜트로키,조아제약(주)
202007060,아시클로크림(아시클로버),시믹씨엠오코리아주식회사
202007065,엔드콜에프과립,정우신약(주)
202007078,멀티브큐골드정,미래바이오제약(주)
202007081,엠비오캡슐(엔테로코쿠스페슘스트레인세르넬레68균),(주)인트로바이오파마
202007119,케어모닉정100밀리그램(덱스판테놀),주식회사더유제약
202007130,셀레뉴원포르테액,(주)한국비엠아이
202007142,센스락유연질캡슐,현대약품(주)
202007294,게보린릴랙스연질캡슐,삼진제약(주)
202007317,알파디연질캡슐(알파칼시돌),익수제약(주)
202007332,콘트로본600정,(주)시어스제약
202007434,조아파모티딘정10밀리그램,조아제약(주)
202007568,세코라시럽,하나제약(주)
202007594,셀라손크림,(주)텔콘알에프제약
202007611,후모레스액,(주)셀비온
202007638,벤포칸정,한국코러스(주)
202007707,아크스팟크림,시믹씨엠오코리아주식회사
202007739,테라콜드연질캡슐,코스맥스파마(주)
202007781,쿨럭콜드시럽,경방신약(주)
202007803,자연한방고카타플라스마,경방신약(주)
202007806,마그란리퀴드액,경방신약(주)
202007807,마이안점안액(폴리데옥시리보뉴클레오티드나트륨)(1회용),한림제약(주)
202007833,모드콜노즈시럽,(주)종근당
202007844,아노덱스골드정,(주)팜젠사이언스
202007893,벤포액티브프리미엄정,현대약품(주)
202007899,임팩타민프리미엄원스정,(주)대웅제약
202007900,큐아크네플러스크림,광동제약(주)
202007941,벤포커스정,일양약품(주)
202007951,벤포타임정,(주)라이트팜텍
202007978,포지넨크림,(주)녹십자
202007980,유린타민캡슐,현대약품(주)
202008047,오네론액,경방신약(주)
202008048,하이립클로버크림,(주)에이프로젠바이오로직스
202008050,벤포타정,익수제약(주)
202008063,판시온캡슐,(주)휴비스트제약
202008115,마이드롭점안액(폴리데옥시리보뉴클레오티드나트륨)(1회용),제이더블유중외제약(주)
202008175,바르지오모두크림,동화약품(주)
202008189,벤포테인정,조아제약(주)
202008212,웰스글루치온정(글루타티온(환원형)),(주)넥스팜코리아
202008319,속편엔이중정,(주)한국파비스제약
202008345,세비안관류제(염화나트륨),(주)휴온스
202008370,스타빅현탁액(디옥타헤드랄스멕타이트),(주)대웅제약
202008405,트라스트플라스타(피록시캄),에스케이케미칼(주)
202008428,에버포스정,삼진제약(주)
202008429,에프쿨시럽,(주)텔콘알에프제약
202008458,조아구강청액(디클로페낙),조아제약(주)
202008503,이바니싹액(디클로페낙),(주)마더스제약
202008706,비프리연질캡슐,(주)알피바이오
202008793,액티진비티에스정,한국코러스(주)
202008802,우르콜정100밀리그램(우르소데옥시콜산),(주)한국팜비오
202008834,페리에정,(주)인트로바이오파마
202008854,하벤콜에스액,고려제약(주)
202008963,하벤에스액,고려제약(주)
202009037,하벤코프에스액,고려제약(주)
202009092,속편환,신화제약(주)
202009139,렉스비타정,(주)시어스제약
202009163,팜편안디정,코스맥스파마(주)
202009182,이지페인클린연질캡슐(클로닉신리시네이트),(주)알피바이오
202009184,엘라인정(엘카르니틴),(주)옵투스제약
202009337,디카테오엘씨정,(주)다림바이오텍
202009404,지씨웰빙셀레늄구강용해필름(아셀렌산나트륨오수화물),(주)녹십자웰빙
202009424,트리엘정100밀리그램(트리메부틴말레산염),경방신약(주)
202009428,엘카딘정(L-카르니틴),(주)한국파비스제약
202100082,"트로앤텍트로키(오렌지), 트로앤텍트로키(페퍼민트)",동국제약(주)
202100359,디큐펜프로나이트연질캡슐,(주)알피바이오
202100410,복합판시놀액,동성제약(주)
202100413,아이퓨어점안액(트레할로스수화물)(1회용),한림제약(주)
202100451,루미파이점안액0.025%(브리모니딘타르타르산염),(주)바슈헬스코리아
202100552,아이미루40이엑스마일드점안액,라이온코리아주식회사
202100564,이지콜드플러스연질캡슐,(주)알피바이오
202100690,세비타비겔(니코틴산아미드),(주)퍼슨
202100736,이지콜드노즈연질캡슐,(주)알피바이오
202100747,오에수트레할로스점안액(트레할로스수화물)(1회용),(주)옵투스제약
202100758,이지콜드코프연질캡슐,(주)알피바이오
202100962,칼시맥스500정,한국신텍스제약(주)
202101047,멘토비엠정,한국코러스(주)
202101087,제일속엔자임이중정,제일헬스사이언스(주)
202101152,핫도리정 ,지엘파마(주)
202101198,이바넨큐액(디클로페낙),(주)씨엠지제약
202101211,물린쿨에스겔,(주)시어스제약
202101212,아프모겐큐인후스프레이(디클로페낙),코오롱제약(주)
202101271,피록센플라스타(피록시캄),(주)티디에스팜
202101302,스웨티브센스액(염화알루미늄),(주)퍼슨
202101356,글루비타정,(주)다림바이오텍
202101735,바이브렉스연질캡슐,코스맥스파마(주)
202101754,위편정,(주)테라젠이텍스
202101916,하디큐노즈연질캡슐,(주)알피바이오
202101945,비맥스메타비정,(주)녹십자
202102013,힘엔스틱액(L-아스파르트산-L-아르기닌수화물),고려제약(주)
202102039,아로나민골드프리미엄정,일동제약(주)
202102069,이지페인릴리프연질캡슐,(주)알피바이오
202102087,가네톡액,제이더블유중외제약(주)
202102133,아티제정 ,(주)인트로바이오파마
202102171,하디큐콜드연질캡슐,(주)알피바이오
202102183,내바렌큐액,부광약품(주)
202102200,하디큐코프연질캡슐,(주)알피바이오
202102215,비타메드레모나산,경남제약(주)
202102233,릴라이온페라세이프산(과탄산나트륨),(주)나노팜
202102246,알기닉액(L-아스파르트산-L-아르기닌수화물),(주)티디에스팜
202102248,쏙코에프연질캡슐,(주)에이프로젠바이오로직스
202102295,위속엔정,부광약품(주)
202102399,장엔폴캡슐,성이바이오제약주식회사
202102418,라라포텐액(L-아스파르트산-L-아르기닌수화물),(주)한풍제약
202102426,이너베린정,성이바이오제약주식회사
202102443,엔디콜정,주식회사 노바엠헬스케어
202102445,액트에버정,(주)한풍제약
202102731,쏙코프에프연질캡슐,(주)에이프로젠바이오로직스
202102875,페이지연질캡슐,(주)알피바이오
202102900,판크레아정,명문제약(주)
202103144,디쿨파워플라스타(디클로페낙나트륨),(주)티디에스팜
202103216,안티스토연질캡슐,코스맥스파마(주)
202103228,조은아이시럽,조아제약(주)
202103303,아젠카정,정우신약(주)
202103374,엔디멜라정,주식회사 노바엠헬스케어
202103608,마그벤맥스연질캡슐,동방에프티엘(주)
202103611,파인큐아세트펜시럽(아세트아미노펜),대원바이오텍주식회사
202103624,메가트루맥스정,(주)유한양행
202103680,아페인큐정,주식회사 노바엠헬스케어
202103713,청위환,한솔신약(주)
202103743,비앤비정,주식회사 노바엠헬스케어
202103770,속콜펜정,일양약품(주)
202103773,엘레멘-에프시럽 ,조아제약(주)
202103983,빅스코민에프정,(주)에이프로젠바이오로직스
202104023,속청큐액,(주)종근당
202104030,파워포션액(L-아스파르트산-L-아르기닌수화물),경남제약(주)
202104136,속청케어액,(주)종근당
202104142,제일파네린정,제일헬스사이언스(주)
202104243,제트유플러스정,일양약품(주)
202104347,엘카민정,(주)바스칸바이오제약
202104379,마그비맥스연질캡슐,(주)유한양행
202104481,이프로탑플라스타(이부프로펜),대화제약(주)
202104555,치오스캡슐(디오스민),(주)씨엠지제약
202104595,콜대원코프큐시럽,대원제약(주)
202104607,발렌정(방풍통성산건조엑스(4.6→1)),태극제약(주)
202104688,파미딘플러스정,(주)종근당
202104759,클리어미정,주식회사 노바엠헬스케어
202104797,액티브메가비타정,경방신약(주)
202104809,치오맥스연고,동아제약(주)
202104843,디알프레쉬에프점안액(카르복시메틸셀룰로오스나트륨)(1회용),(주)옵투스제약
202104856,쌩콜에스연질캡슐,(주)에이프로젠바이오로직스
202104905,쌩코프에스연질캡슐,(주)에이프로젠바이오로직스
202104921,쌩코에스연질캡슐,(주)에이프로젠바이오로직스
202104943,엠지에버액,삼진제약(주)
202104954,이바프텐액(벤지다민염산염),현대약품(주)
202105006,콜대원콜드큐시럽,대원제약(주)
202105133,소가프텐정,동화약품(주)
202105146,이바파정,(주)시어스제약
202105229,듀얼파모정,광동제약(주)
202105289,위엔스탈정,주식회사 노바엠헬스케어
202105312,아이투오민트점안액(카르복시메틸셀룰로오스나트륨)(1회용),삼일제약(주)
202105319,위엔자임정,주식회사 노바엠헬스케어
202105320,위엔자임유디정,주식회사 노바엠헬스케어
202105351,팜뮤코정(암브록솔염산염),(주)유앤생명과학
202105353,트로앤텍스프레이,동국제약(주)
202105432,엠지파워연질캡슐,(주)알피바이오
202105434,위엔탁정,원광제약(주)
202105472,쾌통정,원광제약(주)
202105619,제로무네일라카(시클로피록스),(주)한국파마
202105625,모아큐어점안액,태극제약(주)
202105752,프라본정(미세정제플라보노이드분획물),(주)한국파비스제약
202105771,신비아시럽(아세트아미노펜),맥널티제약(주)
202105844,스피자임에스정,(주)에이프로젠바이오로직스
202105952,브이디썬정,신일제약(주)
202105999,파모콤푸정 ,지엘파마(주)
202106002,맥스케어액트정,신일제약(주)
202106045,레디클로질정(클로트리마졸),태극제약(주)
202106054,경동파니틴정10밀리그램(파모티딘),경동제약(주)
202106059,센스비정,주식회사 노바엠헬스케어
202106092,타이레놀정500밀리그람(아세트아미노펜),켄뷰코리아판매유한회사
202106143,메가원정 ,하나제약(주)
202106150,하디콜맥스정,광동제약(주)
202106244,헤파코엔플러스정,미래바이오제약(주)
202106247,푸레파인겔,일동제약(주)
202106248,노바프록센정(나프록센나트륨),주식회사 노바엠헬스케어
202106262,바르핀케어네일라카(시클로피록스),동성제약(주)
202106333,콘트라민정,주식회사 노바엠헬스케어
202106349,바이오탑디듀얼캡슐 ,한올바이오파마(주)
202106350,바이오탑하이듀얼캡슐,한올바이오파마(주)
202106370,프리좀원스외용액(테르비나핀염산염),삼진제약(주)
202106375,알카본플러스정,한올바이오파마(주)
202106425,에레스정(엘카르니틴),익수제약(주)
202106445,더블비정,경방신약(주)
202106477,베로아크림0.15%(프레드니솔론발레로아세테이트),태극제약(주)
202106491,프라메가크림(프라목신염산염),(주)씨엠지제약
202106502,시크린원스점안액(1회용),조아제약(주)
202106513,디케이정,미래바이오제약(주)
202106628,센스데이큐정,(주)유한양행
202106639,베니에프정,(주)엘앤씨바이오 
202106656,굿포미정,조아제약(주)
202106673,프라맥스에스좌제,에이치엘비제약(주)
202106737,아로나민케어싸이정,일동제약(주)
202106741,위제로에스정,일양약품(주)
202106757,헤모퀸골드엠프리미엄캡슐,경남제약(주)
202106787,알러팜정(세티리진염산염),(주)한국파비스제약
202106791,하드칼씨플러스정,부광약품(주)
202106818,마그로민골드프리미엄연질캡슐,(주)서흥
202106821,미네서플라이정,주식회사 노바엠헬스케어
202106861,파모컴정,정우신약(주)
202106940,신카인겔(수출명: 태그가드(TAGuard)),(주)퍼슨
202106954,타이레놀콜드-에스정,켄뷰코리아판매유한회사
202106961,설페린큐캡슐,(주)한풍제약
202106999,마그로디안연질캡슐,(주)서흥
202107041,무피신연고(무피로신),(주)엘앤씨바이오 
202107042,배가나정,대원제약(주)
202107050,위엔부틴정(트리메부틴말레산염) (수출명 : Spasmocalm® Tab.),주식회사 노바엠헬스케어
202107058,판텍큐플러스연질캡슐,동아제약(주)
202107059,판텍큐노즈플러스연질캡슐,동아제약(주)
202107060,판텍큐코프플러스연질캡슐,동아제약(주)
202107063,코드에이연질캡슐,동성제약(주)
202107128,비오라민골드정,명인제약(주)
202107129,마그라민트리플액션정,일동제약(주)
202107155,마그라민액티브맥스연질캡슐,일동제약(주)
202107184,자멘쏙정(독시라민숙신산염),일양약품(주)
202107278,마그바이타민연질캡슐,태극제약(주)
202107305,셀레네퍼오랄정(아셀렌산나트륨오수화물),대한뉴팜(주)
202107319,메가비텐액티브정,동국제약(주)
202107320,베라정(방풍통성산건조엑스(4.6→1)),(주)테라젠이텍스
202107326,센스온스피드액,동국제약(주)
202107327,탁센레이디연질캡슐,(주)녹십자
202107347,그날엔더블유연질캡슐,경동제약(주)
202107352,쑥베린정,(주)마더스제약
202107393,광동자강력연조엑스(쌍화탕연조엑스),광동제약(주)
202107495,게보린브이정(아세트아미노펜),삼진제약(주)
202107520,이탄칼정(침강탄산칼슘),(주)이든파마
202107556,아로나민실버액티브정,일동제약(주)
202107570,활비톤액,조아제약(주)
202107591,판크론에프정,영진약품(주)
202107668,액티진맥스정,한국코러스(주)
202107682,경동판테놀연고(덱스판테놀),경동제약(주)
202107694,씨스타점안액(카르복시메틸셀룰로오스나트륨)(1회용),대우제약(주)
202107747,디카킴디정,(주)킴스제약
202107768,제노펜정(아세트아미노펜),(주)한국파비스제약
202107783,에스엘큐정(방풍통성산건조엑스(4.6→1)),주식회사 노바엠헬스케어
202107800,순하나정(데소게스트렐),광동제약(주)
202107827,바이오탑디포르테캡슐,한올바이오파마(주)
202107828,바이오탑하이포르테캡슐,한올바이오파마(주)
202107846,콜드팡시럽,코오롱제약(주)
202107872,챔프알러논액(세티리진염산염),동아제약(주)
202107875,헤모렉스에스좌제,대화제약(주)
202107890,듀오베린정,주식회사 노바엠헬스케어
202107891,렉센엔좌제,한림제약(주)
202107918,마그리퀴드액,일양약품(주)
202107976,메가비텐프리미엄정,동국제약(주)
202107978,바이오탑디포르테세립,한올바이오파마(주)
202107980,메타지크림,현대약품(주)
202108018,렛잇비프로정,(주)대웅제약
202108048,다푸러스액(작약감초탕) ,익수제약(주)
202108052,훼스탈슈퍼자임정,(주)한독
202108073,바이오탑아이세립,한올바이오파마(주)
202108124,시드레아크림(우레아),(주)시어스제약
202108167,마그메타연질캡슐,코스맥스파마(주)
202108177,신신케어타민정,신신제약(주)
202108189,다비우정(방풍통성산건조엑스(4.6→1)),(주)엘앤씨바이오 
202200014,메이놀정,(주)바스칸바이오제약
202200063,도미나라이트크림(히드로퀴논),태극제약(주)
202200088,나나정500밀리그램(아세트아미노펜),초당약품공업(주)
202200149,락토프린정,주식회사 노바엠헬스케어
202200195,나스펜시럽(아세트아미노펜),조아제약(주)
202200245,베비움시럽(락툴로오즈농축액),제이더블유신약(주)
202200263,보령뮤코미스트액10%(아세틸시스테인),(주)보령
202200407,타이레놀8시간이알서방정(아세트아미노펜),켄뷰코리아판매유한회사
202200413,원펜정,원광제약(주)
202200437,마그온플러스연질캡슐,(주)대웅제약
202200438,마그온맥스비연질캡슐,(주)대웅제약
202200464,보드란크림(우레아),(주)에이프로젠바이오로직스
202200525,어린이타이레놀현탁액(아세트아미노펜),켄뷰코리아판매유한회사
202200527,조인브이플러스정,성이바이오제약주식회사
202200555,센라인정(센텔라정량추출물),(주)팜젠사이언스
202200571,조인엔콘드800정,성이바이오제약주식회사
202200584,물린디쿨액,신신제약(주)
202200589,듀오레정,(주)넥스팜코리아
202200628,트로멜정,(주)오스코리아제약
202200631,센타민프로정,(주)한풍제약
202200638,바르지오원스외용액(테르비나핀염산염),동화약품(주)
202200648,듀오레플러스정,(주)넥스팜코리아
202200658,우먼스타이레놀정,켄뷰코리아판매유한회사
202200685,티아셀포르테액,(주)한국비엠아이
202200707,도나펜에프연질캡슐,(주)서흥
202200708,도나펜알파연질캡슐,(주)서흥
202200721,아나파치정(디오스민),삼진제약(주)
202200724,마이비젯정,주식회사 노바엠헬스케어
202200727,칼슈머정,한국신텍스제약(주)
202200736,오큐비스케어점안액(1회용),대우제약(주)
202200765,맥세렌비제트정,맥널티제약(주)
202200799,마그알파연질캡슐,메딕스제약(주)
202200834,마그포스맥스연질캡슐,코오롱제약(주)
202200838,종근당비타민씨골드정1000밀리그램(아스코르브산97%과립),(주)종근당
202200851,리버칼에프연질캡슐350밀리그램(밀크시슬열매건조엑스),(주)한국파비스제약
202200864,마그랑비연질캡슐,동아제약(주)
202200874,비엘락툴이지시럽(락툴로오스농축액),한국신텍스제약(주)
202200972,바이캅정(탄산수소나트륨),주식회사 노바엠헬스케어
202200981,리스카펜정,(주)시어스제약
202201040,코발맥정,(주)다림바이오텍
202201059,벤포벨에스정,(주)종근당
202201073,태극파워액티브액(L-아스파르트산-L-아르기닌수화물),태극제약(주)
202201105,마가렉스정,경남제약(주)
202201153,나노파모정10밀리그램(파모티딘),초당약품공업(주)
202201154,멜린업정,(주)시어스제약
202201175,프렌즈아이드롭케어점안액(1회용),제이더블유중외제약(주)
202201194,디알클리어점안액1.0%(카르복시메틸셀룰로오스나트륨)(1회용),삼천당제약(주)
202201218,광동에너릭정,광동제약(주)
202201233,트라스트이부플라스타(이부프로펜),에스케이케미칼(주)
202201272,에이로반연고(무피로신),한국신텍스제약(주)
202201279,칼비리아플러스정,(주)한국팜비오
202201300,타이레놀산500밀리그램(아세트아미노펜)  ,켄뷰코리아판매유한회사
202201492,미카실원스외용액(테르비나핀염산염),(주)에이프로젠바이오로직스
202201516,브로멜라장용정(브로멜라인),(주)아이월드제약
202201550,로시놀액(나프티핀염산염),(주)녹십자
202201553,벤포마그빅액티브에스연질캡슐,메딕스제약(주)
202201563,마그윈큐연질캡슐,메딕스제약(주)
202201591,지노칼골드정,삼남제약(주)
202201615,리드플루연질캡슐,(주)서흥
202201637,덱스판연고(D-판테놀),시믹씨엠오코리아주식회사
202201683,노즈그린연질캡슐,코스맥스파마(주)
202201693,치지렌정600밀리그램(디오스민),코오롱제약(주)
202201698,도담도담트리플비타액,일양약품(주)
202201712,징크셀플러스캡슐,경남제약(주)
202201721,타세놀정160밀리그램(아세트아미노펜),부광약품(주)
202201755,디오라인정600밀리그램(디오스민),동아제약(주)
202201771,미리코프파워연질캡슐,(주)알피바이오
202201777,제일은교산캡슐,제일헬스사이언스(주)
202201813,베노론디정600밀리그램(디오스민),한올바이오파마(주)
202201816,순갈근탕에이액,(주)알피바이오
202201864,락토그린정,(주)시어스제약
202201869,포머렐정0.075밀리그램(데소게스트렐),알보젠코리아(주)
202201890,헤모맥스정,(주)마더스제약
202201984,내린다시럽(아세트아미노펜),(주)텔콘알에프제약
202201988,락토폴플러스정,(주)이든파마
202202007,락스타더블캡슐(락토바실루스카제이변종람노수스의동결건조배양물),코오롱제약(주)
202202031,락토폴정,(주)이든파마
202202104,마그엔뉴연질캡슐,경동제약(주)
202202131,투엑스비콘드로800정,제일헬스사이언스(주)
202202168,라이트프레쉬점안액1%(카르복시메틸셀룰로오스나트륨)(1회용),(주)라이트팜텍
202202187,액토시드피에이산(과탄산나트륨),(주)준팜
202202254,디나펜카타플라스마(디클로페낙나트륨),현대약품(주)
202202274,센스가드이브정(데소게스트렐),태극제약(주)
202202275,비파인정,메딕스제약(주)
202202278,파세몰시럽(아세트아미노펜),신일제약(주)
202202287,알엠에스알기닌액(L-아스파르트산-L-아르기닌수화물),(주)킵스바이오파마
202202289,마크롱연질캡슐,코스맥스파마(주)
202202291,위아제정,환인제약(주)
202202380,노즈알연질캡슐(펙소페나딘염산염),(주)알피바이오
202202409,콜록노즈연질캡슐,(주)녹십자
202202422,유한이브펜연질캡슐,(주)유한양행
202202488,토탈플루연질캡슐,코스맥스파마(주)
202202501,위푸린에스산,정우신약(주)
202202536,바이타민마하정,메딕스제약(주)
202202575,엔디콜플러스정,주식회사 노바엠헬스케어
202202597,두루피나크림(테르비나핀염산염),(주)시어스제약
202202609,토탈코프플루연질캡슐 ,코스맥스파마(주)
202202634,락토더블캡슐(락토바실루스카제이변종람노수스의동결건조배양물),건일바이오팜주식회사
202202694,원스아이점안액1%(카르복시메틸셀룰로오스나트륨)(1회용),국제약품(주)
202202769,쎈비큐엠정,진양제약(주)
202202835,오큐리스점안액(트레할로스수화물)(1회용),주식회사제뉴원사이언스
202202909,위제로알파정,일양약품(주)
202202994,히팅플러스정(카페인무수물),(주)한국파비스제약
202203017,래피콜콜드연질캡슐,(주)유한양행
202203060,이부브롬연질캡슐,태극제약(주)
202203100,알파파워정,초당약품공업(주)
202203119,메코비정,메딕스제약(주)
202203135,키드칼플러스추어블정,(주)한풍제약
202203168,아크클리어크림,태극제약(주)
202203169,로타인정(로라타딘),엔비케이제약(주)
202203176,콜록종합연질캡슐,(주)녹십자
202203177,콜록코프연질캡슐,(주)녹십자
202203217,조은아이엠플러스시럽,조아제약(주)
202203237,비투비정,주식회사 노바엠헬스케어
202203238,비투비플러스정,주식회사 노바엠헬스케어
202203241,마그큐엔연질캡슐,코스맥스파마(주)
202203271,오스틴갈근탕플러스액,오스틴제약(주)
202203274,맨담이부쿨플라스타(이부프로펜),(주)보령
202203304,이부콜벤연질캡슐400밀리그램(이부프로펜),명문제약(주)
202203331,투엑스비디큐정,제일헬스사이언스(주)
202203332,포펜정,한국신텍스제약(주)
202203344,클레어점안액(카르복시메틸셀룰로오스나트륨)(1회용),주식회사제뉴원사이언스
202203353,마이톡톡퓨어점안액(카르복시메틸셀룰로오스나트륨)(1회용),대원제약(주)
202203366,뉴셀디정,주식회사 노바엠헬스케어
202203437,이지페인록센연질캡슐(나프록센),경방신약(주)
202203444,모드콜코프시럽,(주)종근당
202203495,트리탄정150밀리그램(트리메부틴말레산염),맥널티제약(주)
202203496,데오란트센스액(염화알루미늄수화물),태극제약(주)
202203501,엠로딘액(L-카르니틴),맥널티제약(주)
202203513,모드콜콜드시럽,(주)종근당
202203581,듀오그린큐정,한국신텍스제약(주)
202203582,탑콘도르600정,(주)한국비엔씨
202203646,세피덤지엔크림,지엘파마(주)
202203657,노펜에스정,한국신텍스제약(주)
202203665,케이페롤정,주식회사 노바엠헬스케어
202203676,이바네구강용스프레이(벤지다민염산염),태극제약(주)
202203711,콘디에스정,경남제약(주)
202203713,듀오그린엘정,한국신텍스제약(주)
202203745,스퓨클액,(주)한국호넥스
202203772,이노콜에프정,한국신텍스제약(주)
202203779,에리카정,(주)일화
202203780,비사린정,(주)일화
202203782,이노콜파워정,한국신텍스제약(주)
202203820,제로무원스외용액(테르비나핀염산염),(주)한국파마
202203876,알진텍정(세티리진염산염),성이바이오제약주식회사
202203884,락토스탑정,초당약품공업(주)
202203892,핑큐린정,(주)일화
202203931,킥노즈에스연질캡슐,코스맥스파마(주)
202203959,디펜스코연질캡슐,(주)서흥
202203978,유한세티리진정(세티리진염산염),(주)유한양행
202203980,피록시카겔(피록시캄),경동제약(주)
202204010,에너텐션액(L-아스파르트산-L-아르기닌수화물),아이큐어(주)
202204012,엘패스정(엘카르니틴),(주)일화
202204075,이참에콜드연질캡슐,코스맥스파마(주)
202204076,이참에노즈연질캡슐,코스맥스파마(주)
202204083,큐어코연질캡슐,아이큐어(주)
202204085,비바골드액(L-아스파르트산-L-아르기닌수화물),(주)넥스팜코리아
202204087,포비정,주식회사 노바엠헬스케어
202204088,이참에코프연질캡슐,코스맥스파마(주)
202204092,킥코프에스연질캡슐,코스맥스파마(주)
202204116,더아이즈점안액(카르복시메틸셀룰로오스나트륨)(1회용),코오롱제약(주)
202204117,폰트비정,이연제약(주)
202204125,비아콘정,(주)일화
202204148,광동치올페이스트(히노키티올),광동제약(주)
202204165,메디코캡슐,메딕스제약(주)
202204171,애크린겔(살리실산),동아제약(주)
202204176,킥콜드에스연질캡슐,코스맥스파마(주)
202204200,폰트미네정,이연제약(주)
202204213,이지엔6나이트연질캡슐,(주)대웅제약
202204225,투엑스비듀얼스피드액,(주)한풍제약
202204238,셀디아정,(주)마더스제약
202204254,노페로캡슐(건조황산제일철),(주)한국팜비오
202204271,일양용비산쿨산,일양약품(주)
202204272,챔프콜드시럽,동아제약(주)
202204388,투와이스골드연질캡슐,동방에프티엘(주)
202204390,에스톰액,(주)한풍제약
202204434,엠지멕스스피드액,부광약품(주)
202204454,엠지멕스플러스비연질캡슐,부광약품(주)
202204455,아세페린정,(주)엘앤씨바이오 
202204492,투엑스비추어블정,제일헬스사이언스(주)
202204500,판시자임정,동국제약(주)
202204501,모드콜로시럽,(주)종근당
202204511,바이오탑하이스트산,한올바이오파마(주)
202204535,락토딘프리미엄정,한솔신약(주)
202204612,에버칼디정,(주)팜젠사이언스
202204621,하이타민골드정,미래바이오제약(주)
202204622,타세놀콜드캡슐,부광약품(주)
202204634,캐롤나이트연질캡슐,일동제약(주)
202204635,포텐스틱액(L-아스파르트산-L-아르기닌수화물),(주)종근당
202204643,비타엔젤추어블정,부광약품(주)
202204652,메디콜캡슐,메딕스제약(주)
202204653,메디코프캡슐,메딕스제약(주)
202204654,에디맥스디정,한국휴텍스제약(주)
202204665,시너지아정(시트룰린말산염),(주)킴스제약
202204671,비스콘틴800정,성이바이오제약주식회사
202204680,마그비스피드더블액션액,(주)유한양행
202204692,류마600파워정,(주)경보제약
202300008,화이투벤큐플러스코프연질캡슐,동화약품(주)
202300042,노량캡슐,(주)한풍제약
202300044,크리롤액(폴리에틸렌글리콜4000),(주)한국파마
202300045,이지락스액(폴리에틸렌글리콜4000),(주)인트로바이오파마
202300071,화이투벤큐플러스연질캡슐,동화약품(주)
202300078,화이투벤큐플러스노즈연질캡슐,동화약품(주)
202300164,속크린에프과립,한솔신약(주)
202300165,판테뉴크림(D-판테놀),경남제약(주)
202300200,콜드원에프캡슐,원광제약(주)
202300204,마그노펜정,광동제약(주)
202300213,이큐펜키즈아이시럽(이부프로펜),진양제약(주)
202300250,비큐원스연질캡슐,코스맥스파마(주)
202300257,조아덱스판크림(D-판테놀),조아제약(주)
202300268,콘드로센정,주식회사 노바엠헬스케어
202300269,콘조탑프리미엄600정,주식회사 노바엠헬스케어
202300295,큐어코프연질캡슐,아이큐어(주)
202300310,위트리정150밀리그램(트리메부틴말레산염),동국제약(주)
202300329,판스틴정,신일제약(주)
202300373,이큐펜키즈에이시럽(아세트아미노펜),진양제약(주)
202300393,쏙코에이연질캡슐,(주)에이프로젠바이오로직스
202300394,에이프레쉬점안액(카르복시메틸셀룰로오스나트륨)(1회용),아주약품(주)
202300436,비맥스제트정,(주)녹십자
202300437,유한아세트아미노펜정500밀리그램,(주)유한양행
202300495,스피드펜이지연질캡슐,한미약품(주)
202300511,큐어코프에이연질캡슐,아이큐어(주)
202300629,제이부틴더블정(트리메부틴말레산염),태극제약(주)
202300634,노즈코프연질캡슐,태극제약(주)
202300661,맥스타민메가맥스정,(주)일화
202300668,큐어콜연질캡슐,아이큐어(주)
202300669,젠빅엠지연질캡슐,(주)종근당
202300670,콜드엔정,(주)대웅제약
202300707,센스온액티브업연질캡슐,동국제약(주)
202300708,써버쿨겔,(주)녹십자
202300723,윌파워포커스액(L-아스파르트산-L-아르기닌수화물),제이더블유신약(주)
202300729,콘티포르테정,(주)마더스제약
202300755,비플렉스듀얼케어정,(주)한풍제약
202300796,브이코에이치캡슐,메딕스제약(주)
202300801,모이스타씨엠씨점안액1.0%(카르복시메틸셀룰로오스나트륨)(1회용),(주)휴온스
202300907,브이콜에이치캡슐,메딕스제약(주)
202300909,하벤파워골드캡슐,고려제약(주)
202300911,멀티블루에프정,(주)라이트팜텍
202300922,메가센타액,동국제약(주)
202300936,마이칼큐정 ,명문제약(주)
202300976,쏙코프에이연질캡슐,(주)에이프로젠바이오로직스
202300977,브이코프에이치캡슐,메딕스제약(주)
202300978,속콜시럽,일양약품(주)
202300999,피록하이겔(피록시캄),진양제약(주)
202301007,쏙콜에이연질캡슐,(주)에이프로젠바이오로직스
202301038,알파엠지정,메딕스제약(주)
202301041,코비코나잘액(옥시메타졸린염산염),(주)에이프로젠바이오로직스
202301043,마이속정(탄산수소나트륨),(주)바스칸바이오제약
202301045,멜라큐정,오스틴제약(주)
202301077,쎈비백뉴로업정,한국코러스(주)
202301092,타세놀콜드시럽,부광약품(주)
202301097,디큐펜맥스정500밀리그램(아세트아미노펜),(주)알피바이오
202301098,래반포르테주입크림,(주)퍼슨
202301116,토스롱에스액,동성제약(주)
202301122,세나트리플질연질캡슐,알보젠코리아(주)
202301146,벤포비파워정,진양제약(주)
202301154,드림굿연질캡슐(디펜히드라민염산염),경방신약(주)
202301170,핑크퐁멀티비타추어블정,태극제약(주)
202301171,큐어코프플러스연질캡슐,아이큐어(주)
202301174,마그아민골드연질캡슐,동방에프티엘(주)
202301185,활짝정,동화약품(주)
202301186,엠디멀티비타정,메딕스제약(주)
202301193,큐어콜플러스연질캡슐,아이큐어(주)
202301194,큐어코플러스연질캡슐,아이큐어(주)
202301213,콘드라맥스800정,주식회사 노바엠헬스케어
202301214,위싱유정,정우신약(주)
202301227,토뮤즈연질캡슐,(주)바스칸바이오제약
202301242,맥셀디정,맥널티제약(주)
202301243,미네비타브이정,(주)유한양행
202301266,임팩타민시그니처정,(주)대웅제약
202301269,유린쿨캡슐,진양제약(주)
202301270,메코마그빅정,진양제약(주)
202301278,비타비케어정,경동제약(주)
202301279,비코딜에스정,(주)인트로바이오파마
202301298,휴프레쉬점안액1%(카르복시메틸셀룰로오스나트륨)(1회용),(주)휴메딕스
202301306,파워브이벤정,주식회사 노바엠헬스케어
202301311,탁센아세트아미노펜정500밀리그램(아세트아미노펜),(주)녹십자
202301363,모드알레나잘스프레이,(주)종근당
202301382,셀론점안액(카르복시메틸셀룰로오스나트륨)(1회용),이연제약(주)
202301403,메디오스정600밀리그램(디오스민),메딕스제약(주)
202301469,아이미루40이엑스골드콘택트점안액,라이온코리아주식회사
202301479,폴리아린락토정,알리코제약(주)
202301486,베타셀민연질캡슐,(주)에이프로젠바이오로직스
202301489,쌩코에이연질캡슐,(주)에이프로젠바이오로직스
202301490,쌩코프에이연질캡슐,(주)에이프로젠바이오로직스
202301491,쌩콜에이연질캡슐,(주)에이프로젠바이오로직스
202301505,파워비큐액티브정,경남제약(주)
202301519,타세놀이부연질캡슐400밀리그램(이부프로펜),부광약품(주)
202301540,클레어점안액1.0%(카르복시메틸셀룰로오스나트륨)(1회용),주식회사제뉴원사이언스
202301553,오큐시스모이스처점안액1.0%(카르복시메틸셀룰로오스나트륨)(1회용),(주)휴온스메디텍
202301564,메코이에프정,동성제약(주)
202301573,이프펜정,한국신텍스제약(주)
202301596,씨스타포르테점안액1%(카르복시메틸셀룰로오스나트륨)(1회용),대우제약(주)
202301635,티엔프로스타캡슐,(주)넥스팜코리아
202301638,파인콜정,초당약품공업(주)
202301685,"아이톡쿨점안액, 아이톡쿨점안액(순), 아이톡쿨점안액(라이트)",광동제약(주)
202301700,제놀파워겔(피록시캄),(주)녹십자
202301701,드라이언액(염화알루미늄),동화약품(주)
202301713,티지풀큐어네일라카(시클로피록스),태극제약(주)
202301723,펙소지엔정60밀리그램(펙소페나딘염산염),(주)유유제약
202301724,이프펜더블유정,한국신텍스제약(주)
202301761,사라펜쿨카타플라스마(디클로페낙나트륨),동국제약(주)
202301762,파워조인에스600정,에스케이케미칼(주)
202301765,누네프레쉬점안액1.0%(카르복시메틸셀룰로오스나트륨)(1회용),(주)바이넥스
202301767,휴로코푸시럽(아이비엽30%에탄올건조엑스(5~7.5→1)),한국휴텍스제약(주)
202301788,노바멜라인장용정100밀리그램(브로멜라인),주식회사 노바엠헬스케어
202301790,콘맥스정,삼진제약(주)
202301812,코비메타비정,메딕스제약(주)
202301820,다이락스쎈정,조아제약(주)
202301824,치킬정(디오스민),태극제약(주)
202301859,조인트콘친600골드정,성이바이오제약주식회사
202301912,마이메가플러스정,광동제약(주)
202301933,풍림리프레쉬점안액1.0%(카르복시메틸셀룰로오스나트륨)(1회용),풍림무약(주)
202301937,오큐시스리커버리점안액(폴리데옥시리보뉴클레오티드나트륨)(1회용),(주)휴온스메디텍
202301952,쿨노즈에프연질캡슐(펙소페나딘염산염),(주)종근당
202301966,코드비타연질캡슐,동방에프티엘(주)
202301988,속쿨엔이중정,(주)킴스제약
202302041,디오치민정(디오스민),일양약품(주)
202302045,아렉스알파정,주식회사 노바엠헬스케어
202302053,하이렉스정,한국코러스(주)
202302054,카복텔라점안액(카르복시메틸셀룰로오스나트륨)(1회용),안국약품(주)
202302074,비메진정,주식회사 노바엠헬스케어
202302086,종근당조인트콘드로정,(주)종근당
202302128,마그포에이드연질캡슐,동방에프티엘(주)
202302129,프라디오정(디오스민),(주)한국파비스제약
202302139,타이센정500밀리그램(아세트아미노펜),(주)씨엠지제약
202302140,그날엔에이스연질캡슐,경동제약(주)
202302149,투엑스비엠큐정,제일헬스사이언스(주)
202302160,센스팟크림,동국제약(주)
202302185,속펜하겐정,경남제약(주)
202302194,씨엠씨프리점안액1.0%(카르복시메틸셀룰로오스나트륨)(1회용),정우신약(주)
202302217,뱅드롱에스시럽,부광약품(주)
202302242,두원포비돈요오드액(포비돈요오드액10%),(주)두원사이언스제약
202302259,셀렌비타정,(주)한국파비스제약
202302282,아이톡씨엠씨점안액1%(카르복시메틸셀룰로오스나트륨)(1회용),광동제약(주)
202302283,맥스클리어점안액1.0%(카르복시메틸셀룰로오스나트륨)(1회용),한림제약(주)
202302284,카보아이점안액1%(카르복시메틸셀룰로오스나트륨)(1회용),(주)인트로바이오파마
202302329,아이엠씨점안액1%(카르복시메틸셀룰로오스나트륨)(1회용),신신제약(주)
202302341,업텐션액(L-아스파르트산-L-아르기닌수화물),신신제약(주)
202302370,로라샷연질캡슐(로라타딘),(주)에이프로젠바이오로직스
202302381,빅콘에프600정,(주)에이프로젠바이오로직스
202302427,원프레쉬점안액1%(카르복시메틸셀룰로오스나트륨)(1회용),하나제약(주)
202302436,툴스속편정,코스맥스파마(주)
202302440,엑세라민엔정,일동제약(주)
202302457,글루디톡정(글루타티온(환원형)),태극제약(주)
202302463,가스앤드액(시메티콘),유니메드제약(주)
202302474,코투루텐나잘스프레이,경동제약(주)
202302477,눈앤큐점안액,한미약품(주)
202302480,디클로맥스플라스타(디클로페낙나트륨),신신제약(주)
202302483,알지퀵연질캡슐(펙소페나딘염산염),제이더블유중외제약(주)
202302506,기가치올액,경진제약(주)
202302508,씨엠지룩스플러스점안액1.0%(카르복시메틸셀룰로오스나트륨)(1회용),(주)씨엠지제약
202302534,차마다이제정,메딕스제약(주)
202302539,풍림리프레쉬점안액0.5%(카르복시메틸셀룰로오스나트륨)(1회용),풍림무약(주)
202302546,조인트콤비800정,일양바이오팜(주)
202302576,코큐텐비타알부엑스정,일양약품(주)
202302653,마그메코정,(주)이든파마
202302654,벤포바이타나이스정,일양약품(주)
202302667,마그킹코발정,(주)넥스팜코리아
202302668,미놀노즈에스점비액,경남제약(주)
202302685,비타콘틴800정,코오롱제약(주)
202302687,더판디탈정,신일제약(주)
202302690,세롤진정,주식회사 노바엠헬스케어
202302692,파워제타비정,메딕스제약(주)
202302710,쎈비큐정,진양제약(주)
202302739,그날엔노즈에이연질캡슐,경동제약(주)
202302768,알러젯연질캡슐(펙소페나딘염산염),(주)녹십자
202302769,씨엠지마그액,(주)씨엠지제약
202302791,리버치온정(글루타티온(환원형)),메딕스제약(주)
202302801,헤모이지정,제일헬스사이언스(주)
202302804,비스칸비캡슐,(주)바이넥스
202302807,헤모힐연고,진양제약(주)
202302822,뉴흑과립(약용탄),(주)돌나라한농제약
202302823,뉴흑산(약용탄),(주)돌나라한농제약
202302826,포리비돈연고(포비돈요오드),태극제약(주)
202302828,타세놀키즈시럽(아세트아미노펜),부광약품(주)
202302835,콜대원나이트시럽,대원제약(주)
202302836,디클로하이카타플라스마(디클로페낙나트륨),(주)다산제약
202302853,보나링스피드액,일양약품(주)
202302870,맥스타민콘드로800정,(주)일화
202302877,마민에스정,메딕스제약(주)
202302903,코즈굿나잘스프레이,동국제약(주)
202302906,알레티브정60밀리그램(펙소페나딘염산염),한국휴텍스제약(주)
202302922,락콜드액,삼진제약(주)
202302925,콜대원노즈큐에스시럽,대원제약(주)
202302948,그날엔코프에이연질캡슐,경동제약(주)
202302949,그날엔콜드에이연질캡슐,경동제약(주)
202302952,청안하이뷰연질캡슐,동방에프티엘(주)
202302985,조인액트800정,메딕스제약(주)
202302990,에이치콜연질캡슐,(주)서흥
202302993,이지엔6이브정,(주)대웅제약
202302996,맥스케어정,신일제약(주)
202302998,하벤허브골드캡슐,고려제약(주)
202303018,이지클린장용연질캡슐,코스맥스파마(주)
202303024,아이오쿨수점안액0.5%(카르복시메틸셀룰로오스나트륨)(1회용),동아제약(주)
202303025,아이오쿨수점안액1.0%(카르복시메틸셀룰로오스나트륨)(1회용),동아제약(주)
202303044,메타리빈액0.05%(자일로메타졸린염산염),태극제약(주)
202303049,에이치코프연질캡슐,(주)서흥
202303052,하이펜에스정,미래바이오제약(주)
202303068,알러진정60밀리그램(펙소페나딘염산염),삼진제약(주)
202303088,머슬펜에프정,한국신텍스제약(주)
202303112,알보칼디정,알보젠코리아(주)
202303114,인크린에스정,(주)에이프로젠바이오로직스
202303116,삼현포비돈요오드액,주식회사삼현제약
202303120,알리코비오틴정5밀리그램(비오틴),알리코제약(주)
202303134,위앤프레쉬정,태극제약(주)
202303135,칼페온정,(주)이든파마
202303142,챔프콜드펜시럽,동아제약(주)
202303158,로얄스타진크림,오스틴제약(주)
202303159,스파맥에스정,일양약품(주)
202303174,"맥스콘드로이틴1200경구용겔(콘드로이틴설페이트나트륨)(1200mg/8g, 1200mg/12g)",동아제약(주)
202303189,헤모글루탑연질캡슐,동방에프티엘(주)
202303191,차마트리제정(트리메부틴말레산염),메딕스제약(주)
202303193,판피린에이액,동아제약(주)
202303220,네오신정,메딕스제약(주)
202303224,하디코플러스정,광동제약(주)
202303237,가넥트액,동아제약(주)
202303275,코코스탑나잘스프레이,(주)다산제약
202303276,다펜나이트연질캡슐,조아제약(주)
202303278,카네클로질정(클로트리마졸),일양약품(주)
202303319,타스나비타정,(주)넥스팜코리아
202303351,오메코에프정,(주)에이프로젠바이오로직스
202303360,마로씬정,(주)바이넥스
202303363,콜드팡코프시럽,코오롱제약(주)
202303364,팩트라민투엑스정,알리코제약(주)
202303390,니오틴정(비오틴),(주)휴온스
202303394,마더스민정600밀리그램(디오스민),(주)마더스제약
202303430,투웰스정,한솔신약(주)
202303434,비코그린에스플러스정,코오롱제약(주)
202303447,파비안디정,(주)서울제약
202400002,파워비큐콘티뉴800정,경남제약(주)
202400006,이로스펜정,성이바이오제약주식회사
202400023,프리스엣마일드액(염화알루미늄수화물),(주)다산제약
202400026,이치레스큐플라스타,(주)한독
202400028,러지엔톡액(세티리진염산염),대원바이오텍주식회사
202400039,챔프코프에스액,동아제약(주)
202400042,인프로스타캡슐,(주)이든파마
202400066,아이오쿨프로점안액(트레할로스수화물)(1회용),동아제약(주)
202400075,모네랄정,주식회사 노바엠헬스케어
202400077,엑세라민에이정,일동제약(주)
202400079,비피알레액(세티리진염산염),(주)텔콘알에프제약
202400086,케펨겔(케토프로펜),(주)종근당
202400100,티엔코드아이연질캡슐,(주)넥스팜코리아
202400104,자메인정,(주)바이넥스
202400116,툴스블라인정 ,엔비케이제약(주)
202400117,듀오스탑캡슐,(주)다산제약
202400124,코네티비나크림(히알루론산나트륨),(주)동인제약
202400125,쓰담정200밀리그램(트리메부틴말레산염),메딕스제약(주)
202400148,씨엠지씽씽시럽,(주)씨엠지제약
202400151,엔디펜알파정,주식회사 노바엠헬스케어
202400157,마하펜정500밀리그램(아세트아미노펜),일양바이오팜(주)
202400177,멀티속정,일양약품(주)
202400196,인프레쉬에프점안액1.5%(카르복시메틸셀룰로오스나트륨)(1회용),(주)태준제약
202400201,아이스콘점안액(1회용),삼진제약(주)
202400206,브이콤정,(주)오스코리아제약
202400208,인코드아이연질캡슐,(주)이든파마
202400209,아이레쉬점안액(트레할로스수화물)(1회용),(주)종근당
202400211,마그포스스피드액,코오롱제약(주)
202400212,트라부틴정200밀리그램(트리메부틴말레산염),경남제약(주)
202400213,테라미스프레이액,초당약품공업(주)
202400223,임팩스피드액,영진약품(주)
202400271,콘드럭알파정,알리코제약(주)
202400279,알레톡정60밀리그램(펙소페나딘염산염),(주)씨엠지제약
202400280,원쌍탕코프액,원광제약(주)
202400285,큐앤큐니트로푸라존거즈,큐앤큐팜(주)
202400301,동성비타비플러스액,동성제약(주)
202400324,안티푸라민40플라스타(플루르비프로펜),(주)유한양행
202400329,이로코딜정,성이바이오제약주식회사
202400351,리렉스담정,한미약품(주)
202400366,메가원플러스정,하나제약(주)
202400374,아페린플러스비정,(주)휴온스
202400375,아페린플러스비씨정,(주)휴온스
202400391,본에디칼정,유니메드제약(주)
202400402,엠지엠피스정,(주)에이프로젠바이오로직스
202400407,알페딘정60밀리그램(펙소페나딘염산염),(주)메디카코리아
202400408,비스콘틴엠800정,성이바이오제약주식회사
202400416,이벤칠액(폴리크레줄렌액50%),태극제약(주)
202400424,메타로신연고(무피로신),현대약품(주)
202400435,치렉스정600밀리그램(디오스민),경동제약(주)
202400445,현대아라미정,현대약품(주)
202400453,트리멜라정,(주)이든파마
202400455,현대아라비정,현대약품(주)
202400468,트리븐정,한솔신약(주)
202400494,파워쎈에이연질캡슐,(주)서흥
202400498,제일톡톡퓨어점안액(카르복시메틸셀룰로오스나트륨)(1회용),제일헬스사이언스(주)
202400499,투엑스비트리플정,제일헬스사이언스(주)
202400511,콜다나정,(주)와이에스생명과학
202400541,일양케어네일라카(시클로피록스),일양약품(주)
202400550,파워포텐액(L-아스파르트산-L-아르기닌수화물),(주)다산제약
202400559,게보핏스트롱카타플라스마(디클로페낙나트륨),삼진제약(주)
202400572,퓨어펜연질캡슐,경남제약(주)
202400576,디판버그겔,동아제약(주)
202400578,나들이시럽,(주)이든파마
202400592,제일톡톡콘드로점안액(1회용),제일헬스사이언스(주)
202400593,아크덤겔(가수과산화벤조일),신신제약(주)
202400594,칼디맥정,신신제약(주)
202400598,알레펙정60밀리그램(펙소페나딘염산염),(주)이든파마
202400647,씨엠지뷰플러스연질캡슐,(주)씨엠지제약
202400648,프리노즈에스정,일양약품(주)
202400653,차엠지연질캡슐,(주)씨엠지제약
202400654,크로아존엔정,일양약품(주)
202400655,장이더락캡슐,광동제약(주)
202400657,렛잇비프로원정,(주)대웅제약
202400659,씨엠지암브록솔정(암브록솔염산염),(주)씨엠지제약
202400673,콜즈록나잘스프레이,(주)녹십자
202400679,비맥스에버프리미엄정,(주)녹십자
202400680,"더아이즈톡점안액(트레할로스수화물)(1회용), 더아이즈톡점안액(트레할로스수화물)",코오롱제약(주)
202400682,눈앤쿨점안액0.6%(카르복시메틸셀룰로오스나트륨)(1회용),한미약품(주)
202400692,크레온캡슐35000(판크레아스분말),한국애보트(유)
202400698,조인본콘드로800정,성이바이오제약주식회사
202400705,장제로큐장용정,일양약품(주)
202400708,알레스타정120밀리그램(펙소페나딘염산염),(주)유유제약
202400730,이브400원큐에스연질캡슐(이부프로펜),동아제약(주)
202400733,엘비페롤정,에이치엘비제약(주)
202400751,메가콘티800정,동국제약(주)
202400752,콜록키즈펜시럽(아세트아미노펜),(주)녹십자
202400756,쎌레타민정,(주)시어스제약
202400775,태전위산,정우신약(주)
202400777,렉스펜에스정,한솔신약(주)
202400780,담엔쿨정,에스케이케미칼(주)
202400784,프레쉬드롭점안액(트레할로스수화물)(1회용),초당약품공업(주)
202400786,투엠비액티브정,메딕스제약(주)
202400815,티엔클라젠정,(주)넥스팜코리아
202400816,위엔탈정,(주)넥스팜코리아
202400824,프렌즈아이드롭아이스점안액,제이더블유중외제약(주)
202400831,알레펙정120밀리그램(펙소페나딘염산염),(주)이든파마
202400843,클로하이정,진양제약(주)
202400847,엠피스에프정,(주)에이프로젠바이오로직스
202400885,화이트티온정(글루타티온(환원형)),(주)씨엠지제약
202400889,파세몰정(아세트아미노펜),신일제약(주)
202400918,통케어정,일양바이오팜(주)
202400920,마이펜엑스정,코오롱제약(주)
202400957,다푸러펜정,경남제약(주)
202400995,메코조인콘드로800정,(주)경보제약
202401031,미안톡톡점안액(트레할로스수화물)(1회용),일양약품(주)
202401033,타이리빈산,(주)씨엠지제약
202401038,비타임트리플엠지정,메딕스제약(주)
202401039,마그원매코정,아이큐어(주)
202401045,프리스담정,(주)씨엠지제약
202401065,이엠지스피드더블액션액,동성제약(주)
202401066,에카슬림정,조아제약(주)
202401073,메가콘로엠정,(주)마더스제약
202401074,콘드로친정,(주)마더스제약
202401075,클리담정,삼진제약(주)
202401079,비타포유정,(주)한풍제약
202401095,엠제스티정,메딕스제약(주)
202401096,메가트루육삼삼정,(주)유한양행
202401098,카바몰플러스정,신일제약(주)
202401099,맨담록소탑플라스타(록소프로펜나트륨수화물),(주)보령
202401124,인사큐어액(히알루론산나트륨),동국제약(주)
202401155,디클리어액(염화알루미늄수화물),동성제약(주)
202401164,알러나딘정60밀리그램(펙소페나딘염산염),경남제약(주)
202401177,코앤쿨에스나잘스프레이,한미약품(주)
202401179,코비웨이나잘스프레이(옥시메타졸린염산염),(주)일화
202401187,신신플렉스정,신신제약(주)
202401203,메가벤포큐정,메딕스제약(주)
202401206,동화알보칠액(폴리크레줄렌액50%),동화약품(주)
202401207,쿨시드크림,태극제약(주)
202401221,알파플러스정,초당약품공업(주)
202401259,디카돌정,한국프라임제약(주)
202401275,챔프콜드펜하이시럽,동아제약(주)
202401286,게보핏맥스플라스타(플루르비프로펜),삼진제약(주)
202401290,화이투벤코프시럽,동화약품(주)
202401301,써버쿨에스액,(주)녹십자
202401310,오큐에이연질캡슐,코스맥스파마(주)
202401314,화이투벤콜드시럽,동화약품(주)
202401328,푸리디오스정(디오스민),신신제약(주)
202401329,디렉스정,동성제약(주)
202401331,화이투벤노즈시럽,동화약품(주)
202401338,리렉사에스정,(주)바스칸바이오제약
202401339,칼디텍정,동광제약(주)
202401358,아진팜케이정,일양약품(주)
202401379,케이파이리보아세트산,(주)킴스제약
202401380,아콕스펜리보산,주식회사 제이비케이랩
202401381,아아포스액(L-아스파르트산-L-아르기닌수화물),(주)씨엠지제약
202401391,리큐크린액(염화나트륨),메딕스제약(주)
202401399,펙소딘정60밀리그램(펙소페나딘염산염),(주)일화
202401410,알러피드정,(주)넥스팜코리아
202401412,쎈비큐콘드로정,진양제약(주)
202401420,시노플루콜드연질캡슐,현대약품(주)
202401430,발란티스정(탄산수소나트륨),(주)일화
202401439,이든비오틴정5밀리그램(비오틴),(주)이든파마
202401446,펜다나프로연질캡슐(덱시부프로펜),신일제약(주)
202401447,안티푸라민빅파워플라스타(이부프로펜),(주)유한양행
202401470,오라페인큐겔,동국제약(주)
202401473,씨큐맥스정,(주)한풍제약
202401474,아이코드연질캡슐,(주)서흥
202401475,푸레파센600정(디오스민),일동제약(주)
202401488,마이펜이부400연질캡슐(이부프로펜),코오롱제약(주)
202401517,트립리신정,(주)라이트팜텍
202401530,휴엔솔노즈연질캡슐,코스맥스파마(주)
202401581,자하보액,코오롱제약(주)
202401612,콘센비타프리미엄800정,일동제약(주)
202401615,신신파스한방카타플라스마,신신제약(주)
202401649,제스그린정,코오롱제약(주)
202401681,다펜덱시연질캡슐(덱시부프로펜),조아제약(주)
202401708,마그원스피드액,초당약품공업(주)
202401743,글루타에스정,(주)대웅제약
202401755,올대원골드정,(주)한풍제약
202401758,그린노즈플러스연질캡슐,(주)녹십자
202401760,올대원맥스정,(주)한풍제약
202401765,마이펜덱시연질캡슐(덱시부프로펜),코오롱제약(주)
202401768,오소플루콜드산,주식회사 제이비케이랩
202401775,제놀담푸러정,(주)녹십자
202401777,미녹시폼에어로솔5%(미녹시딜),신신제약(주)
202401785,류마스탑파워플라스타(디클로페낙나트륨),(주)삼양바이오팜
202401810,비오딘비산,대우제약(주)
202401821,글로칼디정,(주)킵스바이오파마
202401829,팜플루코프플러스연질캡슐,코스맥스파마(주)
202401836,크라렉신에스정,지엘파마(주)
202401866,모바렌5%폼에어로솔(미녹시딜),(주)대웅제약
202401884,마이딜5%폼에어로졸(미녹시딜),제이더블유신약(주)
202401930,카필러스폼에어로솔(미녹시딜),동아제약(주)
202401954,삭시네쿨겔(피록시캄),대원제약(주)
202401972,코마키텐큐나잘스프레이,동화약품(주)
202401985,모닝톡에프장용연질캡슐,일양바이오팜(주)
202402011,앤도민액트800정,신일제약(주)
202402023,팜플루콜드플러스연질캡슐,코스맥스파마(주)
202402049,듀얼싹플러스장용연질캡슐,제일헬스사이언스(주)
202402050,엘도나캡슐(에르도스테인),초당약품공업(주)
202402067,티타노에이연고,일양약품(주)
202402085,지엘알마게이트정500밀리그램 ,지엘파마(주)
202402098,멜라트리정,(주)바스칸바이오제약
202402141,알레지엔정60밀리그램(펙소페나딘염산염),진양제약(주)
202402142,알레지엔정120밀리그램(펙소페나딘염산염),진양제약(주)
202402194,제놀록소파워겔(록소프로펜나트륨수화물),(주)녹십자
202402195,큐에르액(L-카르니틴),(주)라이트팜텍
202402198,원콜드시럽,(주)씨엠지제약
202402221,케이스민캡슐(디오스민),진양제약(주)
202402301,라라파워액(L-아스파르트산-L-아르기닌수화물),경방신약(주)
202402344,드라이메디겔,동국제약(주)
202402372,파세몰키즈산(아세트아미노펜),신일제약(주)
202402403,헤파코엔액티브정,메딕스제약(주)
202402457,이지엔6에이스정(아세트아미노펜),(주)대웅제약
202402475,리렉스싹정,제일헬스사이언스(주)
202402493,바디드란트액(염화알루미늄수화물),현대약품(주)
202402515,노즈스위퍼스프레이(염화나트륨),주식회사삼현제약
202402566,뉴하니동전파스플라스타,원광제약(주)
202402681,파인큐나프록센현탁액,대원바이오텍주식회사
202402700,삼현포비돈요오드세정액,주식회사삼현제약
202402740,이지페인덱시연질캡슐(덱시부프로펜),경방신약(주)
202402751,화콜정,제이더블유중외제약(주)
202402769,패튼에스정,오스틴제약(주)
202402774,뉴스코정,(주)시어스제약
202402790,콜록키즈이부펜시럽(이부프로펜),(주)녹십자
202402859,파인다제정,풍림무약(주)
202402906,아르제틱액(L-아스파르트산-L-아르기닌수화물),코오롱제약(주)
202402941,부기멜라정,태극제약(주)
202402955,오소플루코프캡슐,주식회사 제이비케이랩
202403003,케어콜정,(주)아이월드제약
202403016,라라플렉스액(L-아스파르트산-L-아르기닌수화물),주식회사 제이비케이랩
202403017,마그네비스피드액,한미약품(주)
202403030,엑스콜큐콜드시럽,(주)한풍제약
202403031,엑스콜큐노즈시럽,(주)한풍제약
202403032,엑스콜큐코프시럽,(주)한풍제약
202403085,액티몰스정(시트룰린말산염),(주)한국팜비오
202500003,크레아정,명문제약(주)
202500015,휴엔솔플러스연질캡슐,코스맥스파마(주)
202500017,아이비즈헬스연질캡슐,신일제약(주)
202500033,폴스원정(폴산),(주)씨엠지제약
202500070,다이어스탑캡슐(로페라미드염산염),(주)씨엠지제약
202500101,차마프텐정,(주)옵투스제약
202500121,푸르펜엠정,(주)바스칸바이오제약
202500141,마그스더블액션연질캡슐,조아제약(주)
202500145,썬비타민연질캡슐,(주)알피바이오
202500153,파워콜노즈큐연질캡슐,동화약품(주)
202500181,아이오쿨리뉴피디알엔점안액(폴리데옥시리보뉴클레오티드나트륨)(1회용),동아제약(주)
202500212,벤티메가나이스정,(주)킵스바이오파마
202500265,엔피비타비정,대한뉴팜(주)
202500266,엔피셀렌씨정,대한뉴팜(주)
202500267,테라젠비타제트정,(주)테라젠이텍스
202500268,알레드제로정120밀리그램(펙소페나딘염산염),일양약품(주)
202500329,코미에스시럽,코오롱제약(주)
202500330,물린디플라스타,신신제약(주)
202500339,바로부틴정200밀리그램(트리메부틴말레산염) ,코오롱제약(주)
202500340,벤포바이타프렌즈정,메딕스제약(주)
202500360,코시원큐캡슐,신일제약(주)
202500376,아이액티브연질캡슐,태극제약(주)
202500412,알파로반연고(무피로신),(주)인트로바이오파마
202500438,마이캄피록시겔(피록시캄),코오롱제약(주)
202500464,누네탑에프연질캡슐,일양약품(주)
202500512,아렉티브액(L-아스파르트산-L-아르기닌수화물),주식회사제뉴원사이언스
202500514,마그랑비피돌샷액,동아제약(주)
202500523,무조날맥스외용액(테르비나핀염산염),한미약품(주)
202500554,비타리본정,대원바이오텍주식회사
202500556,지노칼시움정,진양제약(주)
202500567,세다큐업콜드연질캡슐,경남제약(주)
202500569,센스카나겔,동국제약(주)
202500570,포비콜프렙외용액(포비돈요오드),(주)퍼슨
202500574,유미칼디정,(주)한국파비스제약
202500577,마이비칼정,신풍제약(주)
202500584,비라밸에센정,동화약품(주)
202500586,세다큐업코프연질캡슐,경남제약(주)
202500588,판콜에이치건조시럽,동화약품(주)
202500602,유어칼큐정,한국프라임제약(주)
202500603,시트큐정,(주)바이넥스
202500617,광동칼디정,광동제약(주)
202500622,라이트칼디코정,(주)라이트팜텍
202500628,유한메가비타액,(주)유한양행
202500641,유칼본정,한국넬슨제약(주)
202500642,엘비페롤플러스정,에이치엘비제약(주)
202500644,자모다정(독시라민숙신산염),(주)와이에스생명과학
202500650,리버타치온정(글루타티온(환원형)),한국프라임제약(주)
202500672,네오칼큐정,주식회사제뉴원사이언스
202500676,비디콤비정,코오롱제약(주)
202500677,덱센펜연질캡슐(덱시부프로펜),경남제약(주)
202500690,콜레시움정,(주)메디카코리아
202500733,에버칼디플러스정,(주)팜젠사이언스
202500749,알리코칼디정,알리코제약(주)
202500756,키즈노펜산,(주)코아팜바이오
202500784,파워스탑플라스타40밀리그램(플루르비프로펜),경남제약(주)
202500789,센스힐겔(살리실산),동국제약(주)
202500805,모닝엘시럽(락툴로오스액),(주)보령바이오파마
202500808,세다큐업노즈연질캡슐,경남제약(주)
202500819,바렌톡네일라카(시클로피록스),광동제약(주)
202500823,코큐헬씨타민포르테연질캡슐,(주)알피바이오
202500849,코텐파워골드연질캡슐,(주)알피바이오
202500864,코코엔캡슐,에스케이케미칼(주)
202500868,크레아베이직정,명문제약(주)
202500870,판테놀케어연고(D-판테놀),일동제약(주)
202500883,인펙타제정,신일제약(주)
202500895,일동편속액,일동제약(주)
202500897,엘도레인캡슐(에르도스테인),태극제약(주)
202500910,조인업더블플라스타(플루르비프로펜),일양약품(주)
202500929,크레아포르테정,명문제약(주)
202500931,마그라민리퀴드더블액션액,일동제약(주)
202500941,스토멀산,신신제약(주)
202500965,플라낙스정(나프록센나트륨),(주)한국피엠지제약
202500975,비타미노펜스트롱연질캡슐,(주)알피바이오
202500981,딥슬링연질캡슐(디펜히드라민염산염),태극제약(주)
202500982,보니카디정,(주)대웅제약
202501013,알레노즈캡슐,신신제약(주)
202501015,아르기샷액(L-아스파르트산-L-아르기닌수화물),동국제약(주)
202501022,본에이디에스정,주식회사더유제약
202501032,러지페린정,(주)바스칸바이오제약
202501043,일양쓰리쏙정,일양약품(주)
202501091,장엔클캡슐,에스케이케미칼(주)
202501133,손바렌크림(우레아),조아제약(주)
202501145,라라포스액(L-아스파르트산-L-아르기닌수화물),일동제약(주)
202501146,본갈근탕플러스액,익수제약(주)
202501147,판비오틴정(비오틴),동국제약(주)
202501161,오소플루오리엔스캡슐,주식회사 제이비케이랩
202501164,세티리엔정(세티리진염산염),에스케이케미칼(주)
202501166,치센정600밀리그램(디오스민),동국제약(주)
202501211,코텐비타큐연질캡슐,(주)알피바이오
202501237,리드테라비메가액티브정,주식회사 노바엠헬스케어
202501249,락콜드코프시럽,삼진제약(주)
202501250,락콜드종합시럽,삼진제약(주)
202501274,케펨쿨앤핫플라스타,(주)종근당
202501303,제이프록센정(나프록센나트륨),진양제약(주)
202501318,칼엠디정,한미약품(주)
202501326,래피콜케어건조시럽,(주)유한양행
202501352,챔큐비타시럽,동아제약(주)
202501405,리쥬치온정(글루타티온(환원형)),(주)옵투스제약
202501414,모드콜키즈펜시럽(아세트아미노펜)　,(주)종근당
202501426,센스온스피드더블액션액,동국제약(주)
202501427,콘드인정,한국프라임제약(주)
202501467,다비슬림정,(주)씨엠지제약
202501470,아모틴정10mg(파모티딘),오스틴제약(주)
202501474,케펨공파스플라스타,(주)종근당
202501496,오소플루콜드캡슐,주식회사 제이비케이랩
202501506,안티푸라민코인알파플라스타,(주)유한양행
202501523,베나치오프로액,동아제약(주)
202501548,팜페인리렉스정,이연제약(주)
202501561,광동콜에스액,광동제약(주)
202501579,콜콜콜드연질캡슐,조아제약(주)
202501581,콜민에스정,영진약품(주)
202501583,히어로쿨산,삼진제약(주)
202501602,자하골드액,조아제약(주)
202501607,하이플러스정,경남제약(주)
202501617,액티플루노즈캡슐,삼일제약(주)
202501643,판피린나이트액,동아제약(주)
202501659,콜대원키즈콜드에스시럽,대원제약(주)
202501699,베아로제에스정,한솔신약(주)
202501707,더마그램연질캡슐(L-시스틴),(주)종근당
202501708,제트리진정(세티리진염산염),삼성제약(주)
202501737,씨콜드프리미엄정,(주)대웅제약
202501781,티엔하이펜에이정,(주)넥스팜코리아
202501797,유한미녹펜겔5%(미녹시딜),(주)유한양행
202501821,써스펜키즈시럽(아세트아미노펜),한미약품(주)
202501826,종근당이지퀵액(폴리에틸렌글리콜4000),(주)종근당
202501843,삼성트로멜라정,삼성제약(주)
202501849,맥시부펜노즈연질캡슐,한미약품(주)
202501887,씨스타리치점안액1.5%(카르복시메틸셀룰로오스나트륨)(1회용),대우제약(주)
202501892,속편한정,에스케이케미칼(주)
202501947,알파키연질캡슐0.5마이크로그램(알파칼시돌),(주)유유제약
202501948,알파키연질캡슐1마이크로그램(알파칼시돌),(주)유유제약
202501957,이콕스펜레이디연질캡슐,주식회사 제이비케이랩
202501979,오소플루노즈캡슐,주식회사 제이비케이랩
202501989,바실루비캡슐,건일바이오팜주식회사
202502004,마그포스트리플정,코오롱제약(주)
202502031,마이톡톡케어점안액,대원제약(주)
202502036,락토디아로펜정,일양약품(주)
202502043,맥시부펜콜드연질캡슐,한미약품(주)
202502045,콜민에스시럽,영진약품(주)
202502046,맥시부펜코프연질캡슐,한미약품(주)
202502051,콘택콜드캡슐,(주)유한양행
202502076,메코마그민500정,주식회사 노바엠헬스케어
202502077,벤포벨아이연질캡슐,(주)종근당
202502081,키포벨산,(주)종근당
202502111,프로라민에스정,메딕스제약(주)
202502112,나콕스펜연질캡슐(나프록센),주식회사 제이비케이랩
202502135,판테올크림(D-판테놀),(주)바스칸바이오제약
202502137,리차지아정(시트룰린말산염),주식회사 노바엠헬스케어
202502162,오라비텐액티브정,동국제약(주)
202502195,노즈팡정,주식회사 노바엠헬스케어
202502215,방콜브이산,경방신약(주)
202502352,포텐비정,(주)한풍제약
202502520,아콕스펜정500밀리그램(아세트아미노펜),주식회사 제이비케이랩
202502551,뉴흑캡슐200밀리그람(약용탄),(주)돌나라한농제약
202502554,더마그램피디알엔크림(폴리데옥시리보뉴클레오티드나트륨),(주)종근당
202502598,자미솔정(독시라민숙신산염),초당약품공업(주)
